#pragma once
// Boot splash logo (h0tbyt3 fork): 150x150 RGB565, kSplashLogoKey = transparent.
// Generated from the WDGWars badge; drawn by drawBootSplash() when MY_SPLASH_LOGO.
#include <stdint.h>
static constexpr int kSplashLogoW = 150;
static constexpr int kSplashLogoH = 150;
static constexpr uint16_t kSplashLogoKey = 0x0001;
static const uint16_t kSplashLogo[22500] = {
    0x0001,0x0001,0x0001,0x0001,0x0001,0x0001,0x0001,0x0001,0x0001,0x0001,0x0001,0x0001,0x0001,0x0001,0x0001,0x0001,
    0x0001,0x0001,0x0001,0x0001,0x0001,0x0001,0x0001,0x0001,0x0001,0x0001,0x0001,0x0001,0x0001,0x0001,0x0001,0x0001,
    0x0001,0x0001,0x0001,0x0001,0x0001,0x0001,0x0001,0x0001,0x0001,0x0001,0x0001,0x0001,0x0001,0x0001,0x0001,0x0001,
    0x0001,0x0001,0x0001,0x0001,0x0001,0x0001,0x0001,0x0001,0x0001,0x0001,0x0001,0x0001,0x0001,0x0001,0x0001,0x0001,
    0x0001,0x0001,0x8452,0xA4B5,0xB4D6,0xC558,0xD5B9,0xDE5A,0xE69B,0xE71B,0xEF1A,0xEE5A,0xEDB9,0xF49B,0xDC9C,0xBDBC,
    0x86FC,0x6F7B,0x9F3A,0xB6F7,0x0001,0x0001,0x0001,0x0001,0x0001,0x0001,0x0001,0x0001,0x0001,0x0001,0x0001,0x0001,
    0x0001,0x0001,0x0001,0x0001,0x0001,0x0001,0x0001,0x0001,0x0001,0x0001,0x0001,0x0001,0x0001,0x0001,0x0001,0x0001,
    0x0001,0x0001,0x0001,0x0001,0x0001,0x0001,0x0001,0x0001,0x0001,0x0001,0x0001,0x0001,0x0001,0x0001,0x0001,0x0001,
    0x0001,0x0001,0x0001,0x0001,0x0001,0x0001,0x0001,0x0001,0x0001,0x0001,0x0001,0x0001,0x0001,0x0001,0x0001,0x0001,
    0x0001,0x0001,0x0001,0x0001,0x0001,0x0001,0x0001,0x0001,0x0001,0x0001,0x0001,0x0001,0x0001,0x0001,0x0001,0x0001,
    0x0001,0x0001,0x0001,0x0001,0x0001,0x0001,0x0001,0x0001,0x0001,0x0001,0x0001,0x0001,0x0001,0x0001,0x0001,0x0001,
    0x0001,0x0001,0x0001,0x0001,0x0001,0x0001,0x0001,0x0001,0x0001,0x0001,0x0001,0x0001,0x0001,0x0001,0x0001,0x0001,
    0x0001,0x0001,0x0001,0x0001,0x0001,0x0001,0x0001,0x0001,0x0001,0x0001,0x0001,0x0001,0x0001,0x0001,0x0001,0x0001,
    0x0001,0x0001,0x2B6D,0x1C92,0x0D75,0x0618,0x171C,0x5F9E,0xD6DF,0xFE3F,0xFE3F,0xFEBF,0xFEFF,0xF71F,0xF73F,0xF75E,
    0xFF3C,0xFE9B,0xFD5B,0xFC7C,0xD4FE,0xAE3E,0x7F7C,0x77FD,0x9FFB,0xCFF9,0xE7F8,0xF797,0xF637,0xE4FA,0xC49D,0xC4DB,
    0x0001,0x0001,0x0001,0x0001,0x0001,0x0001,0x0001,0x0001,0x0001,0x0001,0x0001,0x0001,0x0001,0x0001,0x0001,0x0001,
    0x0001,0x0001,0x0001,0x0001,0x0001,0x0001,0x0001,0x0001,0x0001,0x0001,0x0001,0x0001,0x0001,0x0001,0x0001,0x0001,
    0x0001,0x0001,0x0001,0x0001,0x0001,0x0001,0x0001,0x0001,0x0001,0x0001,0x0001,0x0001,0x0001,0x0001,0x0001,0x0001,
    0x0001,0x0001,0x0001,0x0001,0x0001,0x0001,0x0001,0x0001,0x0001,0x0001,0x0001,0x0001,0x0001,0x0001,0x0001,0x0001,
    0x0001,0x0001,0x0001,0x0001,0x0001,0x0001,0x0001,0x0001,0x0001,0x0001,0x0001,0x0001,0x0001,0x0001,0x0001,0x0001,
    0x0001,0x0001,0x0001,0x0001,0x0001,0x0001,0x0001,0x0001,0x0001,0x0001,0x0001,0x0001,0x0001,0x0001,0x0001,0x0001,
    0x0001,0x0001,0x0001,0x0001,0x0001,0x0001,0x0001,0x0001,0x0001,0x0001,0x0001,0x0001,0x0001,0x0001,0x0001,0x0001,
    0x0001,0x0001,0x0001,0x0001,0x1410,0x14D4,0x05D8,0x075C,0x47FE,0x3FFF,0x07FF,0x07FF,0x27BF,0x7EBE,0xCE1E,0xEDBE,
    0xF5FE,0xF65E,0xF67E,0xDEBE,0xDF5E,0xFF7F,0xFEFD,0xFE7A,0xFD5A,0xF4BD,0xCCFD,0x961D,0x6F9B,0x6799,0x9F97,0xCF97,
    0xDFB4,0xEF14,0xF599,0xECFE,0xD55F,0xBDFF,0x96DF,0x85FE,0xBC7D,0xC3DC,0x0001,0x0001,0x0001,0x0001,0x0001,0x0001,
    0x0001,0x0001,0x0001,0x0001,0x0001,0x0001,0x0001,0x0001,0x0001,0x0001,0x0001,0x0001,0x0001,0x0001,0x0001,0x0001,
    0x0001,0x0001,0x0001,0x0001,0x0001,0x0001,0x0001,0x0001,0x0001,0x0001,0x0001,0x0001,0x0001,0x0001,0x0001,0x0001,
    0x0001,0x0001,0x0001,0x0001,0x0001,0x0001,0x0001,0x0001,0x0001,0x0001,0x0001,0x0001,0x0001,0x0001,0x0001,0x0001,
    0x0001,0x0001,0x0001,0x0001,0x0001,0x0001,0x0001,0x0001,0x0001,0x0001,0x0001,0x0001,0x0001,0x0001,0x0001,0x0001,
    0x0001,0x0001,0x0001,0x0001,0x0001,0x0001,0x0001,0x0001,0x0001,0x0001,0x0001,0x0001,0x0001,0x0001,0x0001,0x0001,
    0x0001,0x0001,0x0001,0x0001,0x0001,0x0001,0x0001,0x0001,0x0001,0x0001,0x0001,0x0001,0x0001,0x0001,0x0001,0x0001,
    0x0001,0x0001,0x0001,0x0001,0x0001,0x0001,0x28C4,0x2BB1,0x15D7,0x075D,0x07DF,0x0F3F,0x0F5F,0x17FF,0x1F3C,0x232D,
    0x1249,0x04D3,0x2FDF,0x973F,0xCE7F,0xFDFF,0xFE5F,0xFEDF,0xFEFF,0xDF5F,0xD77E,0xE77D,0xDF5E,0xE69D,0xE5FD,0xCE1E,
    0xB65F,0x971D,0x57BD,0x87FC,0xB7FA,0xDFF7,0xFFD3,0xFE94,0xF55A,0xD4BE,0xAD9E,0x95FD,0x8DFD,0x9DDE,0xCC9F,0xDBDF,
    0xB3BF,0x835E,0x6BFC,0x653B,0x0001,0x0001,0x0001,0x0001,0x0001,0x0001,0x0001,0x0001,0x0001,0x0001,0x0001,0x0001,
    0x0001,0x0001,0x0001,0x0001,0x0001,0x0001,0x0001,0x0001,0x0001,0x0001,0x0001,0x0001,0x0001,0x0001,0x0001,0x0001,
    0x0001,0x0001,0x0001,0x0001,0x0001,0x0001,0x0001,0x0001,0x0001,0x0001,0x0001,0x0001,0x0001,0x0001,0x0001,0x0001,
    0x0001,0x0001,0x0001,0x0001,0x0001,0x0001,0x0001,0x0001,0x0001,0x0001,0x0001,0x0001,0x0001,0x0001,0x0001,0x0001,
    0x0001,0x0001,0x0001,0x0001,0x0001,0x0001,0x0001,0x0001,0x0001,0x0001,0x0001,0x0001,0x0001,0x0001,0x0001,0x0001,
    0x0001,0x0001,0x0001,0x0001,0x0001,0x0001,0x0001,0x0001,0x0001,0x0001,0x0001,0x0001,0x0001,0x0001,0x0001,0x0001,
    0x0001,0x0001,0x0001,0x0001,0x0001,0x0001,0x0001,0x0001,0x0001,0x1A4A,0x10C5,0x4A49,0x3186,0x573D,0x27FF,0x07FF,
    0x0F5E,0x0E9E,0x0E9E,0x2FFF,0x1514,0x00E4,0x5AAB,0x1186,0x167A,0x669C,0x84F8,0x6BF4,0x5B90,0x430E,0x326A,0x23F1,
    0x1DB8,0x13CF,0x0986,0x1124,0x1166,0x11A6,0x19C7,0x23F0,0x07DF,0x3C0F,0x5BCC,0x84CF,0xB551,0xD594,0xE55A,0xCCFF,
    0xC53E,0x7E9E,0x9E3F,0xC53E,0xCC3E,0xC37E,0x939E,0x73BE,0x6C7F,0x65BF,0x5EFF,0x575C,0x86B8,0x0001,0x0001,0x0001,
    0x0001,0x0001,0x0001,0x0001,0x0001,0x0001,0x0001,0x0001,0x0001,0x0001,0x0001,0x0001,0x0001,0x0001,0x0001,0x0001,
    0x0001,0x0001,0x0001,0x0001,0x0001,0x0001,0x0001,0x0001,0x0001,0x0001,0x0001,0x0001,0x0001,0x0001,0x0001,0x0001,
    0x0001,0x0001,0x0001,0x0001,0x0001,0x0001,0x0001,0x0001,0x0001,0x0001,0x0001,0x0001,0x0001,0x0001,0x0001,0x0001,
    0x0001,0x0001,0x0001,0x0001,0x0001,0x0001,0x0001,0x0001,0x0001,0x0001,0x0001,0x0001,0x0001,0x0001,0x0001,0x0001,
    0x0001,0x0001,0x0001,0x0001,0x0001,0x0001,0x0001,0x0001,0x0001,0x0001,0x0001,0x0001,0x0001,0x0001,0x0001,0x0001,
    0x0001,0x0001,0x0001,0x0001,0x0001,0x0001,0x0001,0x0001,0x0001,0x0001,0x0001,0x0001,0x0001,0x6393,0x6D1A,0x3578,
    0x08C4,0x4A48,0x31A7,0x56DC,0x2FDF,0x0FDF,0x0FFF,0x0F9F,0x069F,0x1EBC,0x134E,0x09A6,0x6B4D,0x1083,0x00C5,0x0061,
    0x0000,0x0000,0x0000,0x0000,0x0000,0x01E8,0x0249,0x01A6,0x036E,0x0186,0x0000,0x0000,0x0000,0x05B7,0x07FF,0x02CB,
    0x0000,0x0000,0x0000,0x0061,0x1882,0x31E9,0x367C,0x07BE,0x8578,0xCD1D,0xCC9F,0xC3FF,0x8BBF,0x5BDE,0x5C9E,0x65BE,
    0x5F1E,0x67FD,0x7FFC,0x7F78,0x96F4,0x0001,0x0001,0x0001,0x0001,0x0001,0x0001,0x0001,0x0001,0x0001,0x0001,0x0001,
    0x0001,0x0001,0x0001,0x0001,0x0001,0x0001,0x0001,0x0001,0x0001,0x0001,0x0001,0x0001,0x0001,0x0001,0x0001,0x0001,
    0x0001,0x0001,0x0001,0x0001,0x0001,0x0001,0x0001,0x0001,0x0001,0x0001,0x0001,0x0001,0x0001,0x0001,0x0001,0x0001,
    0x0001,0x0001,0x0001,0x0001,0x0001,0x0001,0x0001,0x0001,0x0001,0x0001,0x0001,0x0001,0x0001,0x0001,0x0001,0x0001,
    0x0001,0x0001,0x0001,0x0001,0x0001,0x0001,0x0001,0x0001,0x0001,0x0001,0x0001,0x0001,0x0001,0x0001,0x0001,0x0001,
    0x0001,0x0001,0x0001,0x0001,0x0001,0x0001,0x0001,0x0001,0x0001,0x0001,0x0001,0x0001,0x0001,0x0001,0x0001,0x0001,
    0x3BD0,0x5517,0x957D,0xB57F,0xA59F,0x4CF7,0x00C5,0x5269,0x3987,0x875F,0x37FF,0x073D,0x0597,0x038F,0x01A7,0x1864,
    0x1906,0x19E7,0x6B8D,0x1003,0x0800,0x0000,0x0000,0x0000,0x0000,0x0021,0x0000,0x0249,0x0124,0x0000,0x04F4,0x06DC,
    0x0041,0x0000,0x028B,0x07FF,0x07DF,0x0576,0x0000,0x0020,0x0000,0x0000,0x01A7,0x067A,0x07FF,0x0535,0x0000,0x2104,
    0x41C9,0x72F2,0x7399,0x6C7E,0x653F,0x4E9F,0x479C,0x6F78,0x6F9A,0x7FD8,0x9FF6,0xBFF3,0xC731,0xBE2F,0x0001,0x0001,
    0x0001,0x0001,0x0001,0x0001,0x0001,0x0001,0x0001,0x0001,0x0001,0x0001,0x0001,0x0001,0x0001,0x0001,0x0001,0x0001,
    0x0001,0x0001,0x0001,0x0001,0x0001,0x0001,0x0001,0x0001,0x0001,0x0001,0x0001,0x0001,0x0001,0x0001,0x0001,0x0001,
    0x0001,0x0001,0x0001,0x0001,0x0001,0x0001,0x0001,0x0001,0x0001,0x0001,0x0001,0x0001,0x0001,0x0001,0x0001,0x0001,
    0x0001,0x0001,0x0001,0x0001,0x0001,0x0001,0x0001,0x0001,0x0001,0x0001,0x0001,0x0001,0x0001,0x0001,0x0001,0x0001,
    0x0001,0x0001,0x0001,0x0001,0x0001,0x0001,0x0001,0x0001,0x0001,0x0001,0x0001,0x0001,0x0001,0x0001,0x0001,0x0001,
    0x0001,0x0001,0x0001,0x0001,0x3B6F,0x4E19,0x6EFF,0x86DF,0x7E5F,0x9D3D,0xACFF,0x63D6,0x0084,0x528A,0x3967,0x5C33,
    0x0A6A,0x00A3,0x0000,0x0000,0x0000,0x3004,0x1188,0x3A49,0x5AEB,0x1002,0x0020,0x0000,0x0000,0x0082,0x0062,0x0000,
    0x0000,0x0208,0x0082,0x0021,0x0659,0x07FF,0x02EC,0x0000,0x06BB,0x05B7,0x0431,0x077E,0x00C3,0x0000,0x0020,0x0410,
    0x07FF,0x06DC,0x07DF,0x02EC,0x0000,0x0000,0x0000,0x0000,0x0840,0x2126,0x32EF,0x3DB8,0x4FDD,0x77FB,0x87D8,0x9795,
    0x9F92,0xAFB0,0xC7F2,0xE7F3,0xDF2F,0xB5AC,0x0001,0x0001,0x0001,0x0001,0x0001,0x0001,0x0001,0x0001,0x0001,0x0001,
    0x0001,0x0001,0x0001,0x0001,0x0001,0x0001,0x0001,0x0001,0x0001,0x0001,0x0001,0x0001,0x0001,0x0001,0x0001,0x0001,
    0x0001,0x0001,0x0001,0x0001,0x0001,0x0001,0x0001,0x0001,0x0001,0x0001,0x0001,0x0001,0x0001,0x0001,0x0001,0x0001,
    0x0001,0x0001,0x0001,0x0001,0x0001,0x0001,0x0001,0x0001,0x0001,0x0001,0x0001,0x0001,0x0001,0x0001,0x0001,0x0001,
    0x0001,0x0001,0x0001,0x0001,0x0001,0x0001,0x0001,0x0001,0x0001,0x0001,0x0001,0x0001,0x0001,0x0001,0x0001,0x0001,
    0x0001,0x0001,0x0001,0x0001,0x0001,0x0001,0x0001,0x0001,0x1945,0x6069,0x7CB5,0xC7BF,0x76BE,0x6E9E,0x6E9E,0x8E9F,
    0xAE1F,0x5393,0x1863,0x528A,0x40A6,0x0800,0x0000,0x0000,0x0000,0x0000,0x0000,0x3005,0x09C7,0x52AA,0x4A09,0x2003,
    0x0000,0x0000,0x0000,0x02ED,0x069B,0x0166,0x0000,0x0229,0x0061,0x0125,0x077E,0x077E,0x069A,0x034E,0x07FF,0x01C7,
    0x0125,0x07FF,0x0249,0x00C3,0x0619,0x07FF,0x03AF,0x03F0,0x077E,0x00A2,0x0000,0x0000,0x0000,0x0000,0x0000,0x0000,
    0x0000,0x0800,0x2185,0x646E,0x9EF4,0xBFF5,0xAFF2,0xA790,0xB790,0xC7B1,0xE7F0,0xFFF1,0xDECF,0xA50D,0x0001,0x0001,
    0x0001,0x0001,0x0001,0x0001,0x0001,0x0001,0x0001,0x0001,0x0001,0x0001,0x0001,0x0001,0x0001,0x0001,0x0001,0x0001,
    0x0001,0x0001,0x0001,0x0001,0x0001,0x0001,0x0001,0x0001,0x0001,0x0001,0x0001,0x0001,0x0001,0x0001,0x0001,0x0001,
    0x0001,0x0001,0x0001,0x0001,0x0001,0x0001,0x0001,0x0001,0x0001,0x0001,0x0001,0x0001,0x0001,0x0001,0x0001,0x0001,
    0x0001,0x0001,0x0001,0x0001,0x0001,0x0001,0x0001,0x0001,0x0001,0x0001,0x0001,0x0001,0x0001,0x0001,0x0001,0x0001,
    0x0001,0x0001,0x0001,0x0001,0x0001,0x0001,0x0001,0x0001,0x0001,0x0001,0x0001,0x0001,0xB31C,0x518F,0x00E4,0x5829,
    0x7C12,0xD69F,0xADBF,0xA65F,0x867E,0x5536,0x32AD,0x28C7,0x20C6,0x39E7,0x4086,0x1802,0x0000,0x0000,0x0000,0x0000,
    0x0801,0x3066,0x09C6,0x62EB,0x3126,0x2003,0x0000,0x0000,0x0000,0x01E8,0x07FF,0x073D,0x01A7,0x0166,0x0041,0x02EC,
    0x079E,0x026A,0x075D,0x07FF,0x05B7,0x0000,0x0021,0x06DB,0x0659,0x077E,0x073D,0x0208,0x0000,0x06DC,0x0535,0x0000,
    0x0000,0x0801,0x0000,0x0000,0x1002,0x1002,0x0000,0x0000,0x1802,0x0000,0x1881,0x5B28,0x9E2E,0xC7F3,0xBFF2,0xC7B0,
    0xDF90,0xF7B1,0xFFF2,0xFF97,0xD534,0x832F,0x0001,0x0001,0x0001,0x0001,0x0001,0x0001,0x0001,0x0001,0x0001,0x0001,
    0x0001,0x0001,0x0001,0x0001,0x0001,0x0001,0x0001,0x0001,0x0001,0x0001,0x0001,0x0001,0x0001,0x0001,0x0001,0x0001,
    0x0001,0x0001,0x0001,0x0001,0x0001,0x0001,0x0001,0x0001,0x0001,0x0001,0x0001,0x0001,0x0001,0x0001,0x0001,0x0001,
    0x0001,0x0001,0x0001,0x0001,0x0001,0x0001,0x0001,0x0001,0x0001,0x0001,0x0001,0x0001,0x0001,0x0001,0x0001,0x0001,
    0x0001,0x0001,0x0001,0x0001,0x0001,0x0001,0x0001,0x0001,0x0001,0x0001,0x0001,0x0001,0x0001,0x0001,0x0001,0x0001,
    0x0001,0x5CBD,0xB37F,0x69D1,0x00C3,0x5829,0x7B72,0xE6FF,0xB55C,0x63F4,0x1966,0x0000,0x0800,0x3847,0x28A7,0x39A7,
    0x5067,0x1001,0x0000,0x0000,0x0000,0x0000,0x1001,0x1907,0x09C7,0x6B2B,0x3066,0x2003,0x0000,0x0000,0x0000,0x0083,
    0x06DC,0x07FF,0x07DF,0x0411,0x0000,0x0514,0x06DB,0x0000,0x0411,0x07FF,0x0187,0x0020,0x0000,0x04B3,0x07FF,0x04D3,
    0x0082,0x0000,0x01E8,0x0FFF,0x026A,0x0801,0x0821,0x2003,0x704D,0x8871,0x8830,0xB856,0xA873,0x9050,0x902F,0x9871,
    0x682A,0x1001,0x0820,0x5287,0xA610,0xD7F2,0xE7F1,0xE790,0xF792,0xFEF5,0xFDF9,0xFCDE,0xB316,0x0001,0x0001,0x0001,
    0x0001,0x0001,0x0001,0x0001,0x0001,0x0001,0x0001,0x0001,0x0001,0x0001,0x0001,0x0001,0x0001,0x0001,0x0001,0x0001,
    0x0001,0x0001,0x0001,0x0001,0x0001,0x0001,0x0001,0x0001,0x0001,0x0001,0x0001,0x0001,0x0001,0x0001,0x0001,0x0001,
    0x0001,0x0001,0x0001,0x0001,0x0001,0x0001,0x0001,0x0001,0x0001,0x0001,0x0001,0x0001,0x0001,0x0001,0x0001,0x0001,
    0x0001,0x0001,0x0001,0x0001,0x0001,0x0001,0x0001,0x0001,0x0001,0x0001,0x0001,0x0001,0x0001,0x0001,0x0001,0x0001,
    0x0001,0x0001,0x0001,0x0001,0x0001,0x375E,0x3EBF,0x35FF,0x7C5F,0x6992,0x00A3,0x586A,0x5A4E,0x94F4,0x4229,0x00A3,
    0x0000,0x0000,0x1003,0x3848,0x3087,0x31A6,0x5067,0x1001,0x0801,0x0000,0x0000,0x0000,0x1803,0x1146,0x21A7,0x628A,
    0x2004,0x1002,0x0000,0x0000,0x0000,0x0000,0x05D7,0x069B,0x04D4,0x07FF,0x0451,0x06DB,0x0431,0x0020,0x00E4,0x034E,
    0x0000,0x0000,0x0000,0x0126,0x028B,0x0062,0x00A3,0x0000,0x04F4,0x075D,0x0041,0x2002,0x886F,0xB097,0xA0B3,0x9915,
    0x6870,0x582A,0x4068,0x788F,0x9031,0xD077,0xC897,0xB094,0x5829,0x0000,0x0000,0x4AA8,0xBE51,0xFFF2,0xFF73,0xF676,
    0xF578,0xF43D,0xFB5F,0xD2BC,0x6A70,0x0001,0x0001,0x0001,0x0001,0x0001,0x0001,0x0001,0x0001,0x0001,0x0001,0x0001,
    0x0001,0x0001,0x0001,0x0001,0x0001,0x0001,0x0001,0x0001,0x0001,0x0001,0x0001,0x0001,0x0001,0x0001,0x0001,0x0001,
    0x0001,0x0001,0x0001,0x0001,0x0001,0x0001,0x0001,0x0001,0x0001,0x0001,0x0001,0x0001,0x0001,0x0001,0x0001,0x0001,
    0x0001,0x0001,0x0001,0x0001,0x0001,0x0001,0x0001,0x0001,0x0001,0x0001,0x0001,0x0001,0x0001,0x0001,0x0001,0x0001,
    0x0001,0x0001,0x0001,0x0001,0x0001,0x0001,0x0001,0x0001,0x0001,0x0001,0x57BF,0x57BF,0x26FE,0x0EFE,0x553F,0x7193,
    0x00A2,0x48C9,0x5809,0x0020,0x94B1,0x8430,0x0020,0x0000,0x1002,0x3847,0x30A7,0x3186,0x5848,0x1001,0x4006,0x0000,
    0x0000,0x0000,0x2804,0x022A,0x10E4,0x3167,0x3026,0x0000,0x0000,0x0000,0x0020,0x0000,0x03AF,0x07BF,0x0083,0x03AF,
    0x07FF,0x07FF,0x01A7,0x0000,0x0000,0x0000,0x01C8,0x038F,0x0556,0x069B,0x06FC,0x077E,0x0515,0x0167,0x06BA,0x0B2D,
    0x58A9,0x9113,0xA0D6,0x586D,0x1844,0x0061,0x0082,0x18C5,0x1083,0x10C4,0x1884,0x2824,0x2003,0x782E,0xE07A,0x704C,
    0x0000,0x0000,0x0021,0x5BAC,0xDF37,0xFE57,0xF4D8,0xF3BC,0xE2FE,0xCABF,0xA39F,0x6356,0x0001,0x0001,0x0001,0x0001,
    0x0001,0x0001,0x0001,0x0001,0x0001,0x0001,0x0001,0x0001,0x0001,0x0001,0x0001,0x0001,0x0001,0x0001,0x0001,0x0001,
    0x0001,0x0001,0x0001,0x0001,0x0001,0x0001,0x0001,0x0001,0x0001,0x0001,0x0001,0x0001,0x0001,0x0001,0x0001,0x0001,
    0x0001,0x0001,0x0001,0x0001,0x0001,0x0001,0x0001,0x0001,0x0001,0x0001,0x0001,0x0001,0x0001,0x0001,0x0001,0x0001,
    0x0001,0x0001,0x0001,0x0001,0x0001,0x0001,0x0001,0x0001,0x0001,0x0001,0x0001,0x0001,0x0001,0x0001,0x775E,0x57FF,
    0x479E,0x377E,0x177E,0x0FDF,0x0E7D,0x2AF1,0x0083,0x38A7,0x684C,0x0000,0xA553,0xBDD6,0x0000,0x0000,0x1803,0x3067,
    0x2885,0x3147,0x600A,0x1001,0x2003,0x1001,0x0000,0x0801,0x2004,0x02CB,0x0861,0x3A4B,0x4027,0x1002,0x1002,0x0000,
    0x0821,0x0000,0x01C8,0x07FF,0x02AC,0x0000,0x028A,0x0452,0x0042,0x0229,0x0514,0x075D,0x07FF,0x07FF,0x0639,0x04D3,
    0x0431,0x038E,0x0186,0x026A,0x132D,0x706A,0xB218,0x596F,0x20A6,0x10A3,0x0883,0x1062,0x0821,0x1063,0x2927,0x3147,
    0x3988,0x18C3,0x10A2,0x0842,0x780C,0xE098,0x3825,0x1823,0x0800,0x00E4,0x12AA,0x9431,0xFCDF,0xF33F,0xC2DE,0xA33E,
    0x839E,0x741F,0x4CBB,0x438E,0x0001,0x0001,0x0001,0x0001,0x0001,0x0001,0x0001,0x0001,0x0001,0x0001,0x0001,0x0001,
    0x0001,0x0001,0x0001,0x0001,0x0001,0x0001,0x0001,0x0001,0x0001,0x0001,0x0001,0x0001,0x0001,0x0001,0x0001,0x0001,
    0x0001,0x0001,0x0001,0x0001,0x0001,0x0001,0x0001,0x0001,0x0001,0x0001,0x0001,0x0001,0x0001,0x0001,0x0001,0x0001,
    0x0001,0x0001,0x0001,0x0001,0x0001,0x0001,0x0001,0x0001,0x0001,0x0001,0x0001,0x0001,0x0001,0x0001,0x0001,0x0001,
    0x0001,0x0001,0x0001,0xADDE,0x8F3E,0x577C,0x3F7C,0x1FDF,0x0FFF,0x0CD5,0x1A09,0x0C0F,0x00A4,0x28A6,0x684D,0x1001,
    0x0861,0x7BCF,0x10C2,0x0000,0x1804,0x4068,0x2886,0x2926,0x580A,0x3004,0x4027,0x0000,0x0020,0x1003,0x08C6,0x02CB,
    0x1062,0x41EC,0x800B,0xA02F,0x982E,0x800C,0x5027,0x0000,0x0083,0x077E,0x04D4,0x0000,0x0022,0x034F,0x06DC,0x07FF,
    0x07BF,0x0555,0x02AB,0x00E5,0x0124,0x01A6,0x0967,0x296B,0x512E,0x3845,0x790C,0x931A,0x198A,0x0861,0x0841,0x0821,
    0x0841,0x18A3,0x2125,0x18C5,0x20E4,0x3166,0x2125,0x2966,0x3187,0x18C4,0x1041,0x902D,0xB895,0x680B,0x0000,0x0124,
    0x0124,0x0145,0x4209,0xCB79,0xB3BF,0x837E,0x7B9E,0x643E,0x3DFF,0x1F3E,0x44B2,0x0001,0x0001,0x0001,0x0001,0x0001,
    0x0001,0x0001,0x0001,0x0001,0x0001,0x0001,0x0001,0x0001,0x0001,0x0001,0x0001,0x0001,0x0001,0x0001,0x0001,0x0001,
    0x0001,0x0001,0x0001,0x0001,0x0001,0x0001,0x0001,0x0001,0x0001,0x0001,0x0001,0x0001,0x0001,0x0001,0x0001,0x0001,
    0x0001,0x0001,0x0001,0x0001,0x0001,0x0001,0x0001,0x0001,0x0001,0x0001,0x0001,0x0001,0x0001,0x0001,0x0001,0x0001,
    0x0001,0x0001,0x0001,0x0001,0x0001,0x0001,0x0001,0xE49D,0xD51F,0xAD7D,0x8E7C,0x6F5A,0x4FFD,0x171C,0x02AB,0x0000,
    0x10C3,0x24B2,0x00C5,0x2085,0x604B,0x1803,0x0000,0x30C6,0xC0F5,0x4006,0x0000,0x28C7,0x2106,0x2906,0x5029,0x2803,
    0x0824,0x0042,0x4828,0x3008,0x198A,0x0228,0x2063,0x596D,0xD813,0xD853,0xC011,0x5808,0x0021,0x0000,0x0000,0x0597,
    0x067A,0x030D,0x075E,0x07FF,0x0618,0x05F8,0x0105,0x0000,0x0040,0x0269,0x3A0F,0x590E,0x704D,0x602B,0x2803,0x4A0E,
    0x4BFA,0x0989,0x1063,0x1063,0x0841,0x0841,0x18C4,0x20E5,0x2925,0x2946,0x2105,0x10A2,0x10A2,0x10A3,0x20E4,0x18A3,
    0x18A3,0x3804,0xD056,0xB034,0x2003,0x0125,0x0186,0x0166,0x0000,0x0861,0x6B11,0x945F,0x63FF,0x54FE,0x369E,0x17DF,
    0x27FD,0x5D94,0x9451,0x0001,0x0001,0x0001,0x0001,0x0001,0x0001,0x0001,0x0001,0x0001,0x0001,0x0001,0x0001,0x0001,
    0x0001,0x0001,0x0001,0x0001,0x0001,0x0001,0x0001,0x0001,0x0001,0x0001,0x0001,0x0001,0x0001,0x0001,0x0001,0x0001,
    0x0001,0x0001,0x0001,0x0001,0x0001,0x0001,0x0001,0x0001,0x0001,0x0001,0x0001,0x0001,0x0001,0x0001,0x0001,0x0001,
    0x0001,0x0001,0x0001,0x0001,0x0001,0x0001,0x0001,0x0001,0x0001,0x0001,0x0001,0x0001,0xFD59,0xF55D,0xCD1B,0xAD7B,
    0x8E7D,0x67DE,0x2534,0x00E3,0x0000,0x1802,0x10A3,0x0BEF,0x0885,0x20C3,0x4147,0x3005,0x2022,0x900E,0xE036,0xC852,
    0x800C,0x616F,0x0104,0x20A4,0x786D,0xD054,0x782E,0x904F,0xD856,0xA011,0x39EE,0x0143,0x20C5,0x690D,0xE855,0xD853,
    0xB00F,0xA00F,0x804C,0x1844,0x0000,0x038F,0x07FF,0x07DF,0x0555,0x0166,0x0062,0x04F4,0x0000,0x01C5,0x2AF0,0x58D1,
    0x680C,0x704C,0x2044,0x0000,0x2189,0x43B7,0x118B,0x1823,0x1022,0x0821,0x1063,0x18A4,0x18A3,0x18E5,0x39A8,0x39C8,
    0x3188,0x3167,0x2125,0x1082,0x0861,0x0861,0x0020,0x1802,0x5807,0xC055,0x900E,0x0104,0x0165,0x0104,0x0061,0x0000,
    0x0000,0x39E9,0x5CBC,0x1E7F,0x0F7E,0x1FBD,0x3FBB,0x5FFA,0x7633,0x8C71,0x0001,0x0001,0x0001,0x0001,0x0001,0x0001,
    0x0001,0x0001,0x0001,0x0001,0x0001,0x0001,0x0001,0x0001,0x0001,0x0001,0x0001,0x0001,0x0001,0x0001,0x0001,0x0001,
    0x0001,0x0001,0x0001,0x0001,0x0001,0x0001,0x0001,0x0001,0x0001,0x0001,0x0001,0x0001,0x0001,0x0001,0x0001,0x0001,
    0x0001,0x0001,0x0001,0x0001,0x0001,0x0001,0x0001,0x0001,0x0001,0x0001,0x0001,0x0001,0x0001,0x0001,0x0001,0x0001,
    0x0001,0xFE55,0xFDD8,0xD539,0xC51A,0xBD7D,0x961D,0x234D,0x0000,0x0000,0x0020,0x4004,0x2885,0x02CB,0x00A4,0x1883,
    0x58AA,0x2805,0x682A,0xE075,0xA04F,0xE076,0xF8D7,0x9970,0x10A4,0x18C3,0x78CD,0xF8DA,0xF897,0xF897,0xF097,0xE016,
    0x1A4B,0x0081,0x11C8,0x70EE,0xF877,0xE074,0xE855,0xD032,0x804C,0x1023,0x0000,0x024A,0x073C,0x02AB,0x0000,0x0000,
    0x0082,0x0D31,0x02A8,0x3A0F,0x6090,0x3949,0x592A,0x1042,0x0000,0x18A5,0x320F,0x2907,0x1862,0x0021,0x0000,0x0841,
    0x20E4,0x3167,0x20C5,0x1843,0x18C3,0x2987,0x2987,0x3A09,0x4209,0x2967,0x2945,0x1082,0x0021,0x1001,0x2001,0xA830,
    0xF07B,0x3847,0x0041,0x0000,0x0000,0x0000,0x0000,0x0000,0x18E3,0x45F8,0x2FFF,0x37BC,0x5799,0x6797,0x77F7,0x8692,
    0x9491,0x0001,0x0001,0x0001,0x0001,0x0001,0x0001,0x0001,0x0001,0x0001,0x0001,0x0001,0x0001,0x0001,0x0001,0x0001,
    0x0001,0x0001,0x0001,0x0001,0x0001,0x0001,0x0001,0x0001,0x0001,0x0001,0x0001,0x0001,0x0001,0x0001,0x0001,0x0001,
    0x0001,0x0001,0x0001,0x0001,0x0001,0x0001,0x0001,0x0001,0x0001,0x0001,0x0001,0x0001,0x0001,0x0001,0x0001,0x0001,
    0x0001,0x0001,0x0001,0x0001,0x0001,0x0001,0xDFB3,0xFEB3,0xE614,0xCD96,0xDD1C,0xB49A,0x2967,0x0000,0x0000,0x0000,
    0x0000,0x3004,0x3826,0x0B8E,0x00E4,0x18A3,0x5108,0x804D,0xC832,0xE055,0xE8D4,0xF8F8,0xF215,0x2A07,0x1883,0x41E9,
    0x18E6,0xD094,0xF8F8,0xF0F6,0xF898,0xB853,0x02CB,0x0821,0x11E9,0x988F,0xF895,0xD873,0x802D,0x3027,0x0000,0x0021,
    0x0043,0x0000,0x03F0,0x0105,0x0022,0x0002,0x0142,0x068E,0x42F0,0x8092,0x3107,0x5209,0x1063,0x0000,0x0842,0x39ED,
    0x29AA,0x1082,0x0041,0x0821,0x1883,0x2947,0x3147,0x2905,0x18A4,0x1043,0x0000,0x0021,0x18C5,0x18C4,0x2926,0x39EB,
    0x4209,0x2926,0x20A4,0x0821,0x1802,0x7809,0xC836,0x5008,0x0000,0x0000,0x0000,0x0000,0x0000,0x0000,0x0000,0x1229,
    0x5491,0x57FD,0x67B6,0x7796,0x8795,0x8FF6,0x96D3,0x94D1,0x0001,0x0001,0x0001,0x0001,0x0001,0x0001,0x0001,0x0001,
    0x0001,0x0001,0x0001,0x0001,0x0001,0x0001,0x0001,0x0001,0x0001,0x0001,0x0001,0x0001,0x0001,0x0001,0x0001,0x0001,
    0x0001,0x0001,0x0001,0x0001,0x0001,0x0001,0x0001,0x0001,0x0001,0x0001,0x0001,0x0001,0x0001,0x0001,0x0001,0x0001,
    0x0001,0x0001,0x0001,0x0001,0x0001,0x0001,0x0001,0x0001,0x0001,0x0001,0x0001,0xB7F4,0xDF91,0xE6B3,0xD634,0xEDD8,
    0x9BD4,0x1082,0x0000,0x0000,0x0021,0x08A6,0x1043,0x3805,0x880C,0x72D4,0x0124,0x1041,0x2925,0xB8D2,0xF8B7,0xF8D6,
    0xF915,0xD8D4,0xE215,0x0249,0x20C3,0x51E9,0x1906,0xB1D7,0xF896,0xF0F6,0xF898,0x9131,0x0289,0x1000,0x40EA,0xC0D1,
    0xE8D4,0x800C,0x5009,0x2026,0x3828,0x3027,0x2846,0x1004,0x0412,0x0147,0x0000,0x01A3,0x054A,0x12CA,0x9073,0x8890,
    0x6A8C,0x1062,0x0000,0x0821,0x2969,0x29AA,0x18A3,0x0000,0x0000,0x0841,0x20A4,0x3947,0x3928,0x20A6,0x0863,0x0843,
    0x0843,0x0842,0x0000,0x0021,0x1084,0x20E6,0x2126,0x3969,0x3906,0x1022,0x1802,0x3003,0xD036,0x9030,0x0801,0x0042,
    0x0042,0x0000,0x0000,0x0020,0x0000,0x02AB,0x0082,0x430A,0x8FD8,0x87B4,0x8794,0x8796,0xAFF5,0xBEEF,0x9CD0,0x0001,
    0x0001,0x0001,0x0001,0x0001,0x0001,0x0001,0x0001,0x0001,0x0001,0x0001,0x0001,0x0001,0x0001,0x0001,0x0001,0x0001,
    0x0001,0x0001,0x0001,0x0001,0x0001,0x0001,0x0001,0x0001,0x0001,0x0001,0x0001,0x0001,0x0001,0x0001,0x0001,0x0001,
    0x0001,0x0001,0x0001,0x0001,0x0001,0x0001,0x0001,0x0001,0x0001,0x0001,0x0001,0x0001,0x0001,0x0001,0x0001,0x6797,
    0x9FF5,0xBFB2,0xCF74,0xDF14,0xFE75,0x8B8E,0x0020,0x0000,0x0000,0x00C5,0x194B,0x506A,0x802C,0xC871,0xF875,0xCAB8,
    0x02AA,0x0820,0x3146,0xB093,0xE837,0xA9B5,0x528E,0x4969,0x51ED,0x028A,0x20A3,0x3947,0x01A8,0xA298,0xF877,0xF0D5,
    0xF877,0x61D0,0x01C6,0x1842,0x418C,0xD8B3,0xF0F4,0xD8B4,0xC872,0x982E,0x9850,0x700C,0x584A,0x2048,0x0412,0x018A,
    0x01C4,0x0529,0x12E9,0x9199,0xA815,0x51CA,0x08A2,0x0841,0x0000,0x1042,0x2149,0x2108,0x1062,0x0021,0x1083,0x28C4,
    0x2946,0x2906,0x20A4,0x1884,0x0821,0x0000,0x0863,0x0822,0x0020,0x0000,0x0021,0x0842,0x1062,0x20E5,0x28C4,0x1863,
    0x0800,0x4005,0xB833,0xC835,0x1043,0x00E6,0x00C5,0x0083,0x0062,0x0062,0x0000,0x0166,0x0229,0x0000,0x42A9,0xA775,
    0x8FF5,0x9794,0xB792,0xDFF2,0xE70F,0x9CF0,0xDEDC,0x0001,0x0001,0x0001,0x0001,0x0001,0x0001,0x0001,0x0001,0x0001,
    0x0001,0x0001,0x0001,0x0001,0x0001,0x0001,0x0001,0x0001,0x0001,0x0001,0x0001,0x0001,0x0001,0x0001,0x0001,0x0001,
    0x0001,0x0001,0x0001,0x0001,0x0001,0x0001,0x0001,0x0001,0x0001,0x0001,0x0001,0x0001,0x0001,0x0001,0x0001,0x0001,
    0x0001,0x0001,0x0001,0x0001,0x6797,0x77F7,0x97B3,0xAF95,0xC7B3,0xF774,0x730B,0x0000,0x0000,0x0000,0x116B,0x09AB,
    0x6849,0xE092,0xF8F6,0xF8F8,0xF898,0xC995,0x11E9,0x1022,0x2986,0x5109,0x2948,0x0966,0x2107,0x40E7,0x1126,0x01E8,
    0x28C4,0x3967,0x0989,0x19EA,0xA0B0,0xF8D8,0xF857,0x2A2D,0x00C2,0x1905,0x3A0E,0xF055,0xF8F6,0xF954,0xF935,0xF114,
    0xC8B2,0xC833,0xA871,0x782E,0x69F4,0x3231,0x0590,0x0AE8,0x690E,0x80B1,0x9A73,0x426B,0x0000,0x0000,0x0000,0x1908,
    0x2A71,0x18C5,0x0000,0x0022,0x1083,0x18C4,0x2906,0x0842,0x10A3,0x20E5,0x2906,0x20E6,0x0042,0x0042,0x0822,0x0842,
    0x0000,0x0000,0x0821,0x0841,0x0821,0x0842,0x1843,0x1802,0xA830,0xB872,0x0862,0x0108,0x00E6,0x00A5,0x00A5,0x0085,
    0x0022,0x0146,0x04D5,0x01C8,0x0042,0x31C7,0xA714,0xBFD1,0xCF90,0xE7B0,0xFFF1,0xE711,0x9CD2,0xDF3C,0x0001,0x0001,
    0x0001,0x0001,0x0001,0x0001,0x0001,0x0001,0x0001,0x0001,0x0001,0x0001,0x0001,0x0001,0x0001,0x0001,0x0001,0x0001,
    0x0001,0x0001,0x0001,0x0001,0x0001,0x0001,0x0001,0x0001,0x0001,0x0001,0x0001,0x0001,0x0001,0x0001,0x0001,0x0001,
    0x0001,0x0001,0x0001,0x0001,0x0001,0x0001,0x0001,0x0001,0x0001,0x2FBA,0x57F9,0x6FB5,0x7F96,0x9FD5,0xCFB4,0x52C8,
    0x0000,0x0000,0x0083,0x0A0D,0x0907,0x6808,0xE874,0xF114,0xF935,0xE095,0x88CE,0x2148,0x0926,0x0821,0x31E8,0x2185,
    0x10C3,0x1884,0x1883,0x20C4,0x0905,0x01A7,0x30E4,0x3167,0x28C9,0x2146,0x512A,0xF877,0xA090,0x11E9,0x1083,0x0966,
    0x592E,0xF8D8,0xF916,0xF135,0xF0F5,0xF955,0xE093,0xA00E,0x982E,0x884F,0x98B1,0x696F,0x03AD,0x2B30,0x7215,0x026A,
    0x4A08,0x10A5,0x0000,0x0000,0x1085,0x2949,0x0842,0x1083,0x0021,0x0000,0x0841,0x2106,0x3188,0x3988,0x31A8,0x2926,
    0x2106,0x39A9,0x2968,0x1168,0x1107,0x10E6,0x08A5,0x0821,0x0000,0x0000,0x0000,0x0020,0x0821,0x3004,0x902C,0xD8D7,
    0x3046,0x00C5,0x00E7,0x0148,0x022B,0x0390,0x03B0,0x03B1,0x0453,0x02AC,0x01A8,0x0000,0x2965,0xC734,0xEFF1,0xF790,
    0xFFB2,0xFF95,0xE578,0xA474,0xEF9D,0x0001,0x0001,0x0001,0x0001,0x0001,0x0001,0x0001,0x0001,0x0001,0x0001,0x0001,
    0x0001,0x0001,0x0001,0x0001,0x0001,0x0001,0x0001,0x0001,0x0001,0x0001,0x0001,0x0001,0x0001,0x0001,0x0001,0x0001,
    0x0001,0x0001,0x0001,0x0001,0x0001,0x0001,0x0001,0x0001,0x0001,0x0001,0x0001,0x0001,0x0001,0x0001,0x0FBD,0x1FFD,
    0x3FB9,0x5F98,0x77D6,0x9FB7,0x4268,0x0000,0x0000,0x2087,0x0A2C,0x10C5,0x980C,0xE894,0xF0D4,0xF8F5,0xE0D5,0x59AE,
    0x3A0C,0x00A3,0x0209,0x00C3,0x30E6,0x3947,0x18E4,0x1083,0x0841,0x0801,0x0125,0x01E9,0x28A3,0x2125,0x212A,0x30A5,
    0x2928,0x29AD,0x01A5,0x10A4,0x20A4,0x21C8,0x2928,0x90B0,0xE095,0xF897,0xF8DA,0xD013,0x21CA,0x1C75,0x1BF3,0x2B71,
    0x2B51,0x128D,0x0B72,0x29ED,0x122D,0x2A49,0x0021,0x0000,0x0000,0x0000,0x0821,0x0906,0x09ED,0x0042,0x0021,0x1106,
    0x20E5,0x2925,0x2106,0x2106,0x18E5,0x1062,0x1083,0x0862,0x2947,0x2947,0x19A9,0x1947,0x1A2D,0x1108,0x0862,0x0021,
    0x0842,0x0821,0x0801,0x0801,0x3803,0xD0B6,0xA093,0x00C4,0x0310,0x0391,0x0390,0x02ED,0x0188,0x00C6,0x0148,0x026B,
    0x03B0,0x034E,0x0166,0x2186,0xDEB1,0xFFF3,0xF775,0xF6B7,0xFD7C,0xDB9B,0xA4B4,0xF7FE,0x0001,0x0001,0x0001,0x0001,
    0x0001,0x0001,0x0001,0x0001,0x0001,0x0001,0x0001,0x0001,0x0001,0x0001,0x0001,0x0001,0x0001,0x0001,0x0001,0x0001,
    0x0001,0x0001,0x0001,0x0001,0x0001,0x0001,0x0001,0x0001,0x0001,0x0001,0x0001,0x0001,0x0001,0x0001,0x0001,0x0001,
    0x0001,0x0001,0x0001,0x0001,0x0FFF,0x27BD,0x379A,0x37DA,0x7FB9,0x4248,0x0000,0x0020,0x3827,0x404D,0x3006,0x980D,
    0xE015,0xF0F6,0xF114,0xF8B6,0xA892,0x3A0E,0x414C,0x1062,0x01A7,0x00C3,0x40E8,0x3968,0x2125,0x1063,0x0000,0x0000,
    0x0124,0x01A7,0x2863,0x10C4,0x312B,0x3086,0x0041,0x0126,0x0082,0x02CC,0x0000,0x4188,0x39C9,0x1987,0x21EA,0x70EE,
    0xB811,0x2949,0x06DC,0x2B13,0x2128,0x10A5,0x0843,0x030E,0x220D,0x488D,0x09E9,0x29C6,0x0126,0x01C8,0x1042,0x1043,
    0x0000,0x0106,0x00A4,0x0021,0x1107,0x1168,0x2106,0x2947,0x18C4,0x1062,0x0021,0x0842,0x20C5,0x20C5,0x1063,0x20C5,
    0x2905,0x3988,0x21A9,0x21EC,0x1928,0x10A5,0x1844,0x0801,0x0000,0x1001,0x3804,0xB88F,0xD0B8,0x3066,0x018A,0x0148,
    0x020B,0x01EB,0x01AA,0x020A,0x02AC,0x032E,0x02AC,0x01C8,0x00C4,0x0000,0x2104,0xD6B4,0xFF77,0xF5F8,0xFCBD,0xFC1F,
    0xC3FA,0xA4F4,0x0001,0x0001,0x0001,0x0001,0x0001,0x0001,0x0001,0x0001,0x0001,0x0001,0x0001,0x0001,0x0001,0x0001,
    0x0001,0x0001,0x0001,0x0001,0x0001,0x0001,0x0001,0x0001,0x0001,0x0001,0x0001,0x0001,0x0001,0x0001,0x0001,0x0001,
    0x0001,0x0001,0x0001,0x0001,0x0001,0x0001,0x0001,0x0001,0x0001,0x07FF,0x0FDE,0x17BD,0x17BD,0x3FBD,0x3249,0x0000,
    0x0000,0x600A,0xA0D2,0xA9D0,0xDA77,0xFA7A,0xF138,0xF037,0xF017,0xF8B7,0xA8F2,0x3189,0x3907,0x1082,0x0822,0x0821,
    0x28C5,0x20E4,0x3926,0x4107,0x38E7,0x1823,0x0104,0x0987,0x3105,0x2905,0x38EA,0x1864,0x0000,0x0843,0x0925,0x034E,
    0x0800,0x3988,0x2926,0x20E6,0x2926,0x0185,0x0249,0x2436,0x1D1A,0x0842,0x0000,0x0020,0x0229,0x3A2E,0x88F1,0xA873,
    0xB032,0x4889,0x0081,0x0A6C,0x10A5,0x1108,0x0883,0x0021,0x08E7,0x0063,0x1042,0x20C4,0x2927,0x20C4,0x0841,0x0000,
    0x0821,0x1062,0x1062,0x0821,0x0841,0x0841,0x10C4,0x2106,0x3146,0x2927,0x318B,0x2107,0x1864,0x1022,0x0821,0x0801,
    0x5005,0xD8AF,0xD0F8,0x1823,0x0128,0x0969,0x0147,0x024B,0x028C,0x020B,0x01EA,0x00A5,0x0002,0x0002,0x00C5,0x00E5,
    0x0000,0x21C7,0xDDF7,0xFD7D,0xF3FE,0xF41E,0xDCFF,0x9459,0xAD76,0x0001,0x0001,0x0001,0x0001,0x0001,0x0001,0x0001,
    0x0001,0x0001,0x0001,0x0001,0x0001,0x0001,0x0001,0x0001,0x0001,0x0001,0x0001,0x0001,0x0001,0x0001,0x0001,0x0001,
    0x0001,0x0001,0x0001,0x0001,0x0001,0x0001,0x0001,0x0001,0x0001,0x0001,0x0001,0x0001,0x0001,0x0001,0x07DF,0x07DF,
    0x07BE,0x07BE,0x27DF,0x32AA,0x0000,0x2002,0xA110,0xFD3C,0xFF9F,0xFFFF,0xFFDF,0xFFFF,0xFFFF,0xFE5E,0xF29A,0xF838,
    0xA8F1,0x41EB,0x3166,0x1062,0x1063,0x1083,0x0040,0x0000,0x0801,0x0821,0x30E7,0x2865,0x0862,0x1083,0x18C3,0x1082,
    0x3866,0x4867,0x2023,0x0821,0x0061,0x0904,0x1883,0x3967,0x2126,0x1062,0x0A09,0x3539,0x3B54,0x2B12,0x124D,0x0000,
    0x0022,0x0107,0x51D0,0x608B,0x2824,0x2002,0x904E,0xF11A,0x5067,0x2947,0x58CC,0x1148,0x2969,0x0020,0x0083,0x0020,
    0x1928,0x2969,0x20C4,0x0841,0x0000,0x10A4,0x3988,0x4187,0x520A,0x4188,0x1062,0x0000,0x0021,0x0843,0x18A4,0x28E5,
    0x3127,0x2907,0x20A5,0x2064,0x1001,0x2803,0x4003,0xC06C,0xE0F8,0x2866,0x0106,0x0928,0x00E7,0x0128,0x0BD2,0x15F9,
    0x0E7B,0x0EBC,0x0DFA,0x0371,0x00C6,0x0084,0x00A4,0x0167,0x2945,0xE4DB,0xFC3F,0xD4DE,0xC4FE,0xADDE,0x6D34,0xB5D6,
    0x0001,0x0001,0x0001,0x0001,0x0001,0x0001,0x0001,0x0001,0x0001,0x0001,0x0001,0x0001,0x0001,0x0001,0x0001,0x0001,
    0x0001,0x0001,0x0001,0x0001,0x0001,0x0001,0x0001,0x0001,0x0001,0x0001,0x0001,0x0001,0x0001,0x0001,0x0001,0x0001,
    0x0001,0x0001,0x0001,0x079F,0x07DF,0x07BE,0x07BF,0x17FF,0x2B0C,0x0000,0x3825,0xDB97,0xFFBF,0xF65C,0xBAB3,0xB0D1,
    0xD074,0xF0D7,0xFA19,0xFDBD,0xF7FF,0xFBDC,0x9850,0x416B,0x2064,0x0061,0x0000,0x0800,0x2825,0x40C9,0x59CC,0x41AA,
    0x3968,0x0861,0x1042,0x1063,0x38C6,0x5929,0x2044,0x1002,0x2885,0x48A7,0x2823,0x0800,0x0842,0x0841,0x0800,0x01E8,
    0x747F,0x7933,0x2803,0x2351,0x0987,0x0000,0x0020,0x40CA,0x40AC,0x0000,0x0000,0x0000,0x1802,0xFB5D,0xDA37,0x31A6,
    0x81AE,0x2169,0x3312,0x0000,0x0000,0x0042,0x10C6,0x0822,0x0000,0x0000,0x2107,0x528F,0x5A4C,0x7AED,0x832E,0x8B90,
    0x7AEE,0x3126,0x0000,0x0000,0x0842,0x18A3,0x18C4,0x18C4,0x2064,0x1863,0x0821,0x0800,0x5025,0xC04C,0xD898,0x2825,
    0x0106,0x0129,0x02AE,0x1F3D,0x16BB,0x0C54,0x0371,0x032F,0x0474,0x173D,0x16BC,0x024C,0x0085,0x0A2B,0x0125,0x3925,
    0xDD5D,0xBD7F,0xAD7E,0x9639,0x6FD7,0x6572,0xD659,0x0001,0x0001,0x0001,0x0001,0x0001,0x0001,0x0001,0x0001,0x0001,
    0x0001,0x0001,0x0001,0x0001,0x0001,0x0001,0x0001,0x0001,0x0001,0x0001,0x0001,0x0001,0x0001,0x0001,0x0001,0x0001,
    0x0001,0x0001,0x0001,0x0001,0x0001,0x0001,0x0001,0x0001,0x161E,0x0EFF,0x075E,0x07BE,0x0FFF,0x23CF,0x0000,0x0000,
    0x98ED,0xFF1F,0xBB13,0x900B,0xB9B2,0xE49A,0xF57C,0xF4BC,0xF219,0xF817,0xF2BA,0xFA1B,0xB833,0x1884,0x0822,0x2804,
    0x588A,0x612D,0x59AC,0x41EA,0x632E,0x3186,0x3105,0x0841,0x20A4,0x0821,0x1904,0x932E,0xA22F,0x710C,0x4847,0x1823,
    0x2043,0x20A4,0x08A2,0x0000,0x01A6,0x357E,0x90D7,0x2804,0x18A4,0x39AB,0x18C4,0x0000,0x0821,0x58EE,0x0020,0x6828,
    0x1001,0x4806,0x3804,0xDA19,0xE197,0x3146,0x69AC,0x30E6,0x424D,0x10E4,0x3B4E,0x434F,0x61EC,0x59CA,0x49E7,0x3986,
    0x2188,0x2106,0x31A9,0x6330,0xBD36,0xBD13,0x9410,0x6AAD,0x3967,0x0000,0x0020,0x1042,0x0821,0x0821,0x1042,0x1864,
    0x1021,0x1802,0x4004,0xB84D,0xE078,0x3806,0x0169,0x0129,0x028D,0x0C34,0x024E,0x04F6,0x165A,0x0DF9,0x0C54,0x022D,
    0x0D16,0x0350,0x0086,0x0949,0x028C,0x0000,0x4208,0xBE3E,0x8E7E,0x7719,0x6FB5,0x87D5,0x8D31,0xDEDB,0x0001,0x0001,
    0x0001,0x0001,0x0001,0x0001,0x0001,0x0001,0x0001,0x0001,0x0001,0x0001,0x0001,0x0001,0x0001,0x0001,0x0001,0x0001,
    0x0001,0x0001,0x0001,0x0001,0x0001,0x0001,0x0001,0x0001,0x0001,0x0001,0x0001,0x0001,0x0001,0x06FE,0x0E9F,0x15DE,
    0x073E,0x0FFF,0x3639,0x00E3,0x0000,0x0000,0x2886,0x78AD,0x886D,0xF5BC,0xFFFF,0xFE7D,0xFD5C,0xFE9E,0xFFFF,0xF63D,
    0xF879,0xE856,0x904D,0x588A,0x818F,0x79EE,0x51EA,0x2966,0x0881,0x10A4,0x39AA,0x20E5,0x0822,0x0821,0x1061,0x0000,
    0x20A3,0x5148,0x2903,0x51A8,0x916F,0x78ED,0x2106,0x0021,0x488A,0x29CC,0x0C73,0xA0FA,0x604D,0x1082,0x2865,0x29AA,
    0x10A4,0x0000,0x2025,0x782D,0x3003,0xA82F,0x7009,0xA80D,0x2003,0xB812,0x614A,0x4907,0x3906,0x18A3,0x2947,0x0883,
    0x2D17,0x1BB0,0x42EE,0x28E4,0x3986,0x5C71,0x1BAE,0x02CC,0x0186,0x0083,0x322B,0xA535,0xBCF5,0x6AED,0x49E9,0x3146,
    0x0000,0x0000,0x0000,0x0000,0x0000,0x0821,0x0000,0x1001,0x5006,0xD053,0xC035,0x6008,0x1909,0x01CB,0x00E8,0x01CC,
    0x1F7E,0x0D98,0x0B91,0x0414,0x165A,0x16DC,0x0149,0x00E7,0x0128,0x20A8,0x02AC,0x00E6,0x0000,0x4AEC,0x6FBE,0x6797,
    0x8F93,0xA7D2,0xAF51,0xA533,0xF79E,0x0001,0x0001,0x0001,0x0001,0x0001,0x0001,0x0001,0x0001,0x0001,0x0001,0x0001,
    0x0001,0x0001,0x0001,0x0001,0x0001,0x0001,0x0001,0x0001,0x0001,0x0001,0x0001,0x0001,0x0001,0x0001,0x0001,0x0001,
    0x0001,0x0001,0x0001,0x169F,0x0EBF,0x05FE,0x06DF,0x2D75,0x1165,0x0410,0x0000,0x3068,0x08A5,0x2808,0xFBDB,0xFE7D,
    0xC0F3,0xD853,0xF8B7,0xF018,0xF9F9,0xFC9C,0xF077,0x498C,0x4273,0x6950,0x3986,0x1081,0x0000,0x0801,0x0021,0x2126,
    0x49EB,0x20C4,0x0821,0x0841,0x0841,0x0000,0x2904,0x4988,0x20C4,0x2905,0x10A2,0x18A4,0x08A3,0x7911,0xC91C,0x81F9,
    0x5930,0x588C,0x30A7,0x0000,0x20A6,0x31A9,0x10C5,0x0000,0x3026,0x680A,0xD031,0x702A,0xA00D,0x6008,0x2803,0xA04F,
    0x2124,0x48C7,0x1082,0x0841,0x18A2,0x1884,0x59EC,0x11C6,0x31E8,0x0000,0x22CC,0x02AB,0x01AC,0x04B6,0x0536,0x038F,
    0x01C7,0x11A9,0x6B2F,0x9C13,0x6ACD,0x524A,0x2105,0x0020,0x1082,0x20A4,0x20A4,0x1843,0x1001,0x0800,0x5806,0xE096,
    0x9051,0x3805,0x408B,0x01AB,0x018B,0x01CC,0x02D0,0x03D3,0x0E1A,0x15FA,0x0330,0x02EF,0x01CB,0x016A,0x016A,0x2868,
    0x028D,0x020A,0x01A9,0x01C8,0x54B1,0x97F7,0x9F91,0xAF91,0xCFF2,0xC66F,0xB575,0x0001,0x0001,0x0001,0x0001,0x0001,
    0x0001,0x0001,0x0001,0x0001,0x0001,0x0001,0x0001,0x0001,0x0001,0x0001,0x0001,0x0001,0x0001,0x0001,0x0001,0x0001,
    0x0001,0x0001,0x0001,0x0001,0x0001,0x0001,0x0001,0x0001,0x647E,0x2CFE,0x165E,0x075F,0x2E1C,0x10C3,0x0000,0x0BEF,
    0x51CB,0x20A8,0x00E6,0x30AA,0xC093,0xE074,0xDB97,0xFF9F,0xFFDF,0xFEFE,0xF259,0xF837,0xC050,0x1AEE,0x19CB,0x0041,
    0x0000,0x020A,0x08E5,0x0ACD,0x08E5,0x2126,0x39AA,0x20C5,0x0000,0x0821,0x0821,0x0000,0x4147,0x49A9,0x20E6,0x20E5,
    0x18A3,0x0040,0x500B,0xB0DA,0x20C7,0x2845,0x4089,0x314A,0x3129,0x0000,0x1884,0x398A,0x18E6,0x0000,0x4807,0x5008,
    0x6008,0x1802,0x5807,0x4806,0x4026,0xA0CF,0x0060,0x1042,0x18A3,0x1062,0x1082,0x3988,0x522B,0x4A6A,0x28C4,0x0841,
    0x1B2D,0x026E,0x063D,0x0FBF,0x277E,0x0517,0x030E,0x134C,0x29E8,0x420A,0x7B0E,0x6ACD,0x49E9,0x41A9,0x5A6C,0x72EE,
    0x6A8E,0x5109,0x800B,0x2003,0x4003,0xD835,0x702E,0x1022,0x58AB,0x01EB,0x020D,0x01CC,0x01AB,0x0598,0x0434,0x0D58,
    0x0578,0x0109,0x018A,0x01AB,0x01CC,0x2868,0x01AA,0x03F1,0x024B,0x0127,0x0821,0x95B1,0xB7F3,0xB791,0xD791,0xFFF5,
    0xB571,0xBDD7,0x0001,0x0001,0x0001,0x0001,0x0001,0x0001,0x0001,0x0001,0x0001,0x0001,0x0001,0x0001,0x0001,0x0001,
    0x0001,0x0001,0x0001,0x0001,0x0001,0x0001,0x0001,0x0001,0x0001,0x0001,0x0001,0x0001,0x0001,0x95FD,0x7D3F,0x3CDE,
    0x259F,0x16DE,0x21C7,0x0000,0x0000,0x432C,0x5C73,0x0065,0x016A,0x096C,0x70D0,0xF8F7,0xFE5E,0xEB7A,0xE978,0xFD1D,
    0xFAFB,0xF878,0x900E,0x0473,0x10E7,0x09C8,0x02CC,0x03D1,0x04B5,0x0453,0x0862,0x2168,0x3969,0x18A3,0x0000,0x0841,
    0x0821,0x0000,0x2905,0x28E5,0x0862,0x0862,0x0060,0x502A,0xF83F,0xC85A,0x68AE,0x2886,0x0861,0x0021,0x20E6,0x20E5,
    0x20A4,0x4928,0x3127,0x0000,0x4807,0x6008,0x880B,0x980C,0xC831,0x3003,0x6829,0x78CC,0x0903,0x1863,0x2084,0x10C3,
    0x2105,0x0821,0x21C8,0x4ACC,0x30E4,0x1945,0x0B2E,0x04B7,0x07DF,0xA79E,0x6FFF,0x063C,0x016C,0x00A3,0x326A,0x5A8B,
    0x4988,0x2905,0x49EA,0x836F,0x9411,0xAC93,0x9BB1,0x728D,0xB0D0,0x802C,0x2001,0xE857,0x5009,0x0060,0x610A,0x01EC,
    0x022F,0x020D,0x01CC,0x018B,0x1599,0x0C95,0x016B,0x01EC,0x01ED,0x01ED,0x11AD,0x3827,0x0928,0x03B1,0x0128,0x0107,
    0x0107,0x18C4,0xBEF2,0xD7D2,0xEF92,0xFFB6,0xFF18,0x9C53,0xDF1B,0x0001,0x0001,0x0001,0x0001,0x0001,0x0001,0x0001,
    0x0001,0x0001,0x0001,0x0001,0x0001,0x0001,0x0001,0x0001,0x0001,0x0001,0x0001,0x0001,0x0001,0x0001,0x0001,0x0001,
    0x0001,0x0001,0x0001,0xBF1B,0x853E,0x647E,0x4D5F,0x332F,0x0061,0x0000,0x0042,0x1B2E,0x3514,0x01AA,0x0A2C,0x020C,
    0x396F,0xD0D6,0xF817,0xE9B7,0xF3DB,0xF859,0xD856,0xB053,0x2027,0x0516,0x0884,0x01A7,0x0515,0x01C8,0x02AC,0x02CE,
    0x0801,0x3128,0x4129,0x18A3,0x0000,0x0841,0x0000,0x0801,0x30A7,0x2A4D,0x2370,0x2B70,0x1168,0x1846,0x3828,0x9872,
    0xF09B,0xD838,0x706B,0x2865,0x1843,0x18E4,0x3148,0x20A5,0x3167,0x0820,0x4806,0x6828,0x982C,0x6808,0x6028,0x1001,
    0xA82E,0x4087,0x1105,0x38C8,0x1822,0x18E5,0x18C4,0x0000,0x0000,0x0000,0x20C4,0x226A,0x01E9,0x03B4,0x07DF,0xAFDE,
    0x47FF,0x077F,0x0291,0x0022,0x0000,0x18A3,0x6A4B,0x5A89,0x3186,0x39A7,0x7BAE,0x8BEF,0x7B0D,0x6A8D,0xA0EE,0xE836,
    0x4806,0xB031,0x3004,0x1001,0x58CB,0x026E,0x024F,0x022E,0x020D,0x020E,0x163B,0x0D37,0x01AC,0x01ED,0x022E,0x022E,
    0x196B,0x3005,0x0929,0x0371,0x026D,0x016A,0x022C,0x01A9,0x3A69,0xF7B3,0xF7B5,0xF778,0xFE3B,0xE41C,0xA4B4,0x0001,
    0x0001,0x0001,0x0001,0x0001,0x0001,0x0001,0x0001,0x0001,0x0001,0x0001,0x0001,0x0001,0x0001,0x0001,0x0001,0x0001,
    0x0001,0x0001,0x0001,0x0001,0x0001,0x0001,0x0001,0x0001,0xDF95,0xCF36,0x963A,0x7D3F,0x63D6,0x0820,0x02AB,0x01A8,
    0x01A9,0x020B,0x028C,0x0433,0x11EA,0x19EA,0x19F1,0xA093,0xE015,0xFDFE,0xFFFF,0xD1F7,0x4009,0x1804,0x0988,0x0496,
    0x0801,0x01A7,0x0412,0x03F1,0x0452,0x0208,0x0800,0x418A,0x2926,0x0881,0x0000,0x1063,0x4089,0x498E,0x28C8,0x2128,
    0x2147,0x3949,0x49AF,0x220E,0x0968,0x0000,0x1801,0x900F,0xF816,0xC871,0x5089,0x2064,0x18C3,0x10A3,0x2925,0x1904,
    0x5007,0x3004,0x0000,0x0000,0x0000,0x3804,0xC070,0x18E4,0x18E4,0x28E6,0x0841,0x10E5,0x0041,0x0862,0x1082,0x0000,
    0x0883,0x1AEC,0x00E6,0x0436,0x07FF,0x0FBF,0x061C,0x04B7,0x026F,0x0062,0x0020,0x0000,0x0000,0x730E,0x836D,0x61EA,
    0x616B,0x50E9,0x30A6,0x2043,0x2001,0x980D,0x880C,0x902D,0x0000,0x40C7,0x694D,0x026E,0x0270,0x022F,0x024F,0x0250,
    0x024F,0x0290,0x028F,0x028F,0x024E,0x02B0,0x196C,0x3805,0x294C,0x026E,0x0391,0x024D,0x02EE,0x0168,0x0022,0x7BED,
    0xFFF9,0xF699,0xFD1E,0xF43F,0x9337,0xB5B6,0x0001,0x0001,0x0001,0x0001,0x0001,0x0001,0x0001,0x0001,0x0001,0x0001,
    0x0001,0x0001,0x0001,0x0001,0x0001,0x0001,0x0001,0x0001,0x0001,0x0001,0x0001,0x0001,0x0001,0xEFB3,0xEFF4,0xD713,
    0xBEB6,0xA59C,0x20E4,0x0000,0x0020,0x0AEF,0x42B2,0x0108,0x020C,0x063A,0x120B,0x21EC,0x2252,0x392F,0x58D0,0xE176,
    0xFB1D,0x80EF,0x1187,0x0105,0x1AAE,0x0C54,0x0801,0x00E4,0x036F,0x024A,0x1147,0x10C4,0x20C5,0x2146,0x0882,0x38A9,
    0x88B2,0xAA3A,0x5B77,0x1A4C,0x19C9,0x10A3,0x0000,0x0000,0x1041,0x30C4,0x5A4D,0x32EF,0x21E9,0x1862,0x3825,0xD052,
    0xD832,0x68CA,0x10C3,0x0841,0x20E4,0x31A7,0x3025,0x6809,0x0000,0x0000,0x4806,0xC850,0x4045,0x10A3,0x18E5,0x1063,
    0x0862,0x10C4,0x0000,0x2105,0x18C3,0x0000,0x0862,0x234D,0x022C,0x04D9,0x07FF,0x05FC,0x02B3,0x016A,0x0062,0x0062,
    0x0000,0x0000,0x41E9,0x526C,0x10A3,0x20A4,0x2864,0x4888,0x68AB,0x68CB,0x5128,0x5128,0x4826,0x4004,0x0801,0x40A6,
    0x59AE,0x02B0,0x02B0,0x0331,0x03D4,0x1333,0x12F1,0x0312,0x02B1,0x02B1,0x02B1,0x02D1,0x116A,0x1824,0x1909,0x020D,
    0x0454,0x028E,0x0189,0x018A,0x01CB,0x00C4,0xC554,0xFD9E,0xE41E,0xB3FE,0x94BF,0x7455,0xDEDA,0x0001,0x0001,0x0001,
    0x0001,0x0001,0x0001,0x0001,0x0001,0x0001,0x0001,0x0001,0x0001,0x0001,0x0001,0x0001,0x0001,0x0001,0x0001,0x0001,
    0x0001,0x0001,0x0001,0xF7F5,0xD7B2,0xD771,0xD7B8,0x5AEB,0x0000,0x0000,0x0084,0x30CD,0x4272,0x028F,0x01CE,0x04B6,
    0x0A6B,0x21EB,0x02B0,0x020E,0x0988,0x5AB3,0xC136,0x60CC,0x1126,0x3990,0x21ED,0x13F4,0x1023,0x18E6,0x20A5,0x20C6,
    0x28E6,0x2127,0x00C3,0x4028,0x8113,0x7110,0x50AB,0x2865,0x08A3,0x1062,0x1883,0x18A5,0x18A5,0x1063,0x0841,0x0821,
    0x20A3,0x3187,0x2905,0x2884,0x0020,0x0800,0x880C,0xE033,0x78CB,0x2124,0x1082,0x3106,0x1082,0x6809,0xA04E,0x980C,
    0xA82D,0x3825,0x0000,0x1001,0x1884,0x0821,0x1083,0x0842,0x0841,0x2926,0x18C4,0x0000,0x0000,0x00A2,0x0BB0,0x05FA,
    0x07BF,0x0371,0x00A6,0x0083,0x0041,0x0000,0x0000,0x49C8,0x7B4E,0x82AD,0x4066,0x0000,0x0000,0x0801,0x580A,0xC818,
    0xB073,0x79AA,0x82CC,0x2904,0x4828,0x5026,0x11EB,0x0393,0x0352,0x0B93,0x0353,0x02D1,0x0A90,0x02F2,0x02F2,0x0312,
    0x0332,0x0353,0x294C,0x4806,0x40A9,0x0290,0x03B3,0x0311,0x10ED,0x3990,0x314E,0x0888,0x1945,0xED1D,0xC41F,0x9C7E,
    0x85BF,0x5DFC,0x9D55,0x0001,0x0001,0x0001,0x0001,0x0001,0x0001,0x0001,0x0001,0x0001,0x0001,0x0001,0x0001,0x0001,
    0x0001,0x0001,0x0001,0x0001,0x0001,0x0001,0x0001,0x0001,0xFF52,0xFFD2,0xDFB1,0xDFF5,0xA5D2,0x0000,0x0800,0x0084,
    0x396F,0x38ED,0x018A,0x0455,0x0416,0x03D5,0x1A2A,0x31CB,0x0334,0x0169,0x04D4,0x132F,0x39AA,0x0040,0x01C9,0x4910,
    0x1188,0x1310,0x20C7,0x2906,0x1127,0x0947,0x18C6,0x1126,0x28A8,0x7090,0x2085,0x2004,0x3007,0x2085,0x10E2,0x2905,
    0x3127,0x2906,0x2907,0x3148,0x3948,0x20A4,0x0020,0x0000,0x0841,0x10A4,0x0842,0x0020,0x0000,0x5828,0xE052,0x90ED,
    0x10E3,0x0841,0x3147,0x0041,0x1802,0x2003,0x0000,0x0000,0x0000,0x0842,0x0821,0x0021,0x1083,0x0000,0x20E5,0x20C3,
    0x0862,0x0000,0x1062,0x1062,0x0000,0x01A7,0x0453,0x02EE,0x0042,0x0000,0x0000,0x0861,0x5A8A,0x3966,0x0000,0x0801,
    0x58A9,0x0000,0x1803,0x5809,0xC017,0xFABF,0xF0DE,0x600A,0x920A,0x59C8,0x5088,0x7908,0x01EB,0x0375,0x02F3,0x02D2,
    0x0313,0x0A6F,0x0AB0,0x0374,0x0333,0x0374,0x0394,0x03B5,0x290B,0x1024,0x2065,0x02D1,0x0A92,0x8B57,0xEC9B,0xFCDC,
    0xF49B,0xE45A,0x712C,0x7AAF,0xBD5F,0x8D7E,0x763E,0x6F9E,0x55F5,0xBDB7,0x0001,0x0001,0x0001,0x0001,0x0001,0x0001,
    0x0001,0x0001,0x0001,0x0001,0x0001,0x0001,0x0001,0x0001,0x0001,0x0001,0x0001,0x0001,0x0001,0xEE34,0xFF36,0xFF73,
    0xE7B3,0xBF98,0x2965,0x0000,0x0084,0x60EF,0x5931,0x118D,0x19AE,0x0456,0x04B7,0x0415,0x126B,0x21EB,0x02F3,0x03F1,
    0x04B4,0x2022,0x2146,0x1823,0x50ED,0x402A,0x1106,0x2168,0x10A3,0x1863,0x0453,0x01E8,0x0800,0x0040,0x482B,0x9033,
    0x8812,0x68AD,0x28A6,0x0882,0x48A8,0x690C,0x3126,0x18C4,0x20E5,0x2906,0x2106,0x3147,0x3126,0x18C4,0x0020,0x1083,
    0x2905,0x1042,0x0821,0x0000,0x4026,0xC810,0x78AA,0x08A2,0x20A3,0x2906,0x0020,0x0021,0x0821,0x0801,0x0842,0x1042,
    0x0021,0x0842,0x0000,0x1084,0x2925,0x18C3,0x0841,0x0000,0x0841,0x3146,0x2906,0x0000,0x0020,0x01A6,0x1A6B,0x7473,
    0xB4F4,0x7A6E,0x2904,0x20E4,0x28E5,0x0040,0x40C7,0x0000,0x2023,0x9010,0xF13D,0xF75F,0xF95F,0x902F,0xA2EB,0x4024,
    0x5889,0xA910,0x512E,0x0394,0x0374,0x0352,0x0393,0x0A4D,0x0A4F,0x0417,0x03B5,0x03B5,0x03F6,0x03B4,0x0107,0x0844,
    0x2065,0x024F,0xB2D9,0xFCFD,0xCADA,0xCAB9,0xD299,0xD2D8,0xFCBE,0x78AB,0x84F7,0x865F,0x575D,0x5799,0x5FB8,0x8553,
    0xEEFC,0x0001,0x0001,0x0001,0x0001,0x0001,0x0001,0x0001,0x0001,0x0001,0x0001,0x0001,0x0001,0x0001,0x0001,0x0001,
    0x0001,0x0001,0x0001,0xDE17,0xE695,0xF6F3,0xFFF5,0x7C2D,0x0000,0x0062,0x194B,0x6951,0x39D2,0x2211,0x22D3,0x0AF2,
    0x02F2,0x05BA,0x2168,0x220B,0x0370,0x0453,0x10E5,0x2105,0x0040,0x4829,0x5049,0x2088,0x60AE,0x38A7,0x0020,0x0000,
    0x0515,0x0987,0x0000,0x3026,0xC018,0x9073,0x20E6,0x00C0,0x3045,0xA093,0x80AF,0x2084,0x0862,0x18A4,0x2925,0x3947,
    0x3969,0x3168,0x3126,0x3146,0x18A4,0x0000,0x20C4,0x2905,0x28C4,0x0841,0x0000,0x2804,0xC050,0x50E8,0x0881,0x28E6,
    0x28E6,0x0000,0x0000,0x0821,0x0021,0x0000,0x0021,0x0000,0x0929,0x1949,0x20C5,0x18A4,0x0841,0x0841,0x0000,0x0862,
    0x3167,0x3967,0x1062,0x1947,0x94B5,0x83AF,0x7BAF,0xBC14,0x5969,0x49E9,0x3947,0x2023,0x3085,0x0000,0x2003,0x780B,
    0xF0DC,0xFA5F,0xC016,0x916B,0x7228,0x2803,0x604A,0xE176,0x7291,0x0354,0x0394,0x03D4,0x0436,0x022C,0x118B,0x0479,
    0x0437,0x0437,0x0499,0x0310,0x1084,0x3045,0x5006,0x214A,0x4378,0xD1F9,0xE47B,0xEBDB,0xF47C,0xEC3B,0x9893,0x1086,
    0x3A29,0x67BE,0x47BB,0x6F97,0x87F9,0x9EB5,0xA513,0x0001,0x0001,0x0001,0x0001,0x0001,0x0001,0x0001,0x0001,0x0001,
    0x0001,0x0001,0x0001,0x0001,0x0001,0x0001,0x0001,0x0001,0xC657,0xDEB9,0xC697,0xF697,0xDE95,0x1082,0x0020,0x0108,
    0x49B1,0x31F1,0x2232,0x2AF4,0x3376,0x1B75,0x0417,0x051A,0x3129,0x124B,0x03F1,0x0A0C,0x1883,0x10A3,0x0841,0x684B,
    0x2084,0x18A8,0x90F1,0x4887,0x0000,0x0000,0x0576,0x00E0,0x2805,0xC85B,0x9033,0x2846,0x2085,0x8070,0xB075,0x60AB,
    0x08A1,0x10A3,0x3127,0x3948,0x3966,0x2926,0x20E4,0x3987,0x2925,0x2105,0x20E4,0x10A3,0x0000,0x20C4,0x3967,0x28C5,
    0x1042,0x0000,0x2824,0x788B,0x28E5,0x1083,0x3126,0x20C4,0x0000,0x0000,0x0000,0x0000,0x0000,0x01CA,0x1A91,0x2949,
    0x20C5,0x1062,0x18A4,0x0862,0x0021,0x0000,0x1083,0x3968,0x1084,0x3AAD,0x8BB0,0x0000,0x0000,0x6ACD,0xABD2,0x5A09,
    0x8C10,0xC336,0x9050,0x1002,0x2803,0x780C,0xF8DE,0xC037,0x5806,0x9A2B,0x0861,0x1822,0x4026,0xC110,0x524E,0x03B5,
    0x03D5,0x03D5,0x04F9,0x020A,0x1107,0x04B9,0x0479,0x0458,0x04F9,0x22AF,0x4027,0x6849,0x8809,0x608A,0x03D6,0x7359,
    0xFA7B,0xEC3B,0xF3DB,0xEA3A,0x29B0,0x0126,0x0000,0x6512,0x77FA,0x8F97,0xB7B7,0xEFF6,0xAD72,0xCE59,0x0001,0x0001,
    0x0001,0x0001,0x0001,0x0001,0x0001,0x0001,0x0001,0x0001,0x0001,0x0001,0x0001,0x0001,0x0001,0x0001,0x8F79,0xAEF8,
    0xB5F8,0xEEB8,0x62EB,0x0000,0x00A4,0x29CE,0x4A33,0x2A33,0x1AF4,0x0498,0x1415,0x0B30,0x12AF,0x1A2D,0x0966,0x10A4,
    0x0105,0x0822,0x0020,0x0020,0x1823,0x688B,0x0842,0x10A7,0x9172,0x3886,0x0000,0x0020,0x0AAC,0x704F,0xB097,0x68CF,
    0x2885,0x4829,0x8030,0x68AC,0x18E3,0x08E2,0x18C3,0x10A3,0x20A4,0x20C4,0x10A3,0x1083,0x1883,0x1082,0x2926,0x20C4,
    0x3146,0x18A3,0x1062,0x0821,0x28E4,0x5A6A,0x28E5,0x1041,0x0000,0x2023,0x48C8,0x20E5,0x2125,0x2947,0x10A3,0x0000,
    0x0000,0x0000,0x00E5,0x0AD0,0x122D,0x10A4,0x1882,0x2905,0x0862,0x0842,0x0821,0x0020,0x10C4,0x2948,0x2927,0x08A5,
    0x9C32,0x49E8,0x0000,0x0841,0x6AEE,0x9C32,0x8BB0,0x4A08,0xB0D3,0x806F,0x604A,0xB895,0xF11E,0x880C,0xA18D,0x5167,
    0x0000,0x2844,0x28E5,0x78CB,0x222D,0x0477,0x0559,0x05BA,0x0539,0x022B,0x1864,0x0497,0x053A,0x051A,0x055A,0x19ED,
    0x08C8,0x40A9,0x8848,0x6806,0x1B12,0x0479,0xAAFA,0xFB7C,0xF2DB,0x5AF8,0x0432,0x0147,0x0062,0x2945,0xAF77,0xB7B6,
    0xE7B6,0xFFB8,0xE5F9,0xA4D4,0x0001,0x0001,0x0001,0x0001,0x0001,0x0001,0x0001,0x0001,0x0001,0x0001,0x0001,0x0001,
    0x0001,0x0001,0x0001,0x279E,0x67FF,0x9F1A,0xC63A,0xB555,0x0841,0x0062,0x0948,0x3AD4,0x4275,0x4AD5,0x0498,0x0A8E,
    0x2909,0x318E,0x28E8,0x3004,0x0966,0x20E8,0x488B,0x2866,0x3987,0x18E4,0x2024,0x4888,0x0041,0x20C7,0x918C,0x2083,
    0x0000,0x482A,0xB016,0x8071,0x1042,0x0040,0x2846,0x4068,0x0841,0x0000,0x1002,0x0802,0x2064,0x1083,0x0861,0x0041,
    0x0020,0x0081,0x1904,0x20E4,0x18A3,0x1062,0x20E4,0x2925,0x1062,0x0862,0x0841,0x41A7,0x49C9,0x28C5,0x1062,0x0000,
    0x2864,0x4148,0x3166,0x20E4,0x2905,0x0821,0x0000,0x0000,0x00E6,0x09CC,0x1949,0x1062,0x3127,0x20C4,0x1063,0x0842,
    0x0000,0x0842,0x316A,0x628C,0x7B0E,0x41CA,0x524C,0xAC94,0x41A8,0x0000,0x3988,0x20E5,0x0000,0x0000,0x610B,0x884E,
    0x3025,0x70AB,0x98ED,0xA12D,0x79AA,0x0020,0x0841,0x1842,0x1022,0x788D,0x0556,0x06BD,0x06FD,0x079F,0x06DC,0x01C9,
    0x3827,0x1538,0x061B,0x059A,0x05FC,0x12D1,0x4069,0x40A9,0x80A8,0x6808,0x2B74,0x05DC,0x153C,0xF39C,0xCB7B,0x05FB,
    0x06BA,0x026B,0x0083,0x0000,0x846E,0xF7F6,0xF777,0xF69A,0xFD1F,0xBC17,0xC657,0x0001,0x0001,0x0001,0x0001,0x0001,
    0x0001,0x0001,0x0001,0x0001,0x0001,0x0001,0x0001,0x0001,0x0001,0x1FDF,0x3FDF,0x5F9D,0x9F7D,0x4A8B,0x0000,0x10A6,
    0x41D0,0x2B36,0x0376,0x04FB,0x03F3,0x3869,0x20A6,0x1947,0x1042,0x224C,0x51EF,0x418B,0x3927,0x18A3,0x5A0A,0x0061,
    0x2804,0x3866,0x0000,0x3066,0x998B,0x1042,0x8812,0xA8B6,0x30E6,0x0060,0x18C7,0x1083,0x20E4,0x1863,0x59EB,0xC4F8,
    0xA435,0x72EF,0xACB5,0x9930,0x5008,0x680B,0xA010,0x702C,0x3826,0x0841,0x0841,0x1062,0x0840,0x3946,0x20C3,0x1062,
    0x0020,0x1062,0x5229,0x4988,0x3947,0x18A3,0x0000,0x18C4,0x4167,0x3946,0x20E4,0x20C5,0x0000,0x0021,0x0083,0x1149,
    0x0862,0x20E6,0x3107,0x28C5,0x1062,0x0000,0x0863,0x39EE,0x628D,0x730D,0x93F0,0xA4B3,0x83B0,0xACD3,0xAC52,0x49EA,
    0x626C,0x0041,0x18C3,0x41E8,0xB9D4,0x5809,0x0020,0x0000,0x0000,0x3003,0x0800,0x0020,0x2064,0x1042,0x5848,0x522F,
    0x077D,0x079F,0x07BF,0x07DF,0x063A,0x08C5,0x1003,0x04F4,0x073F,0x05DC,0x05BC,0x2A2F,0x3026,0x3889,0x7868,0x6007,
    0x2CB8,0x07DF,0x079E,0x747D,0x651D,0x07FF,0x07FF,0x06BA,0x034E,0x0000,0x18E3,0xEEF7,0xFE7B,0xF51D,0xFC3F,0xC37C,
    0x9473,0x0001,0x0001,0x0001,0x0001,0x0001,0x0001,0x0001,0x0001,0x0001,0x0001,0x0001,0x0001,0x0001,0x3FBE,0x3FFF,
    0x27BE,0x3FFF,0x6E79,0x0841,0x0083,0x0A0C,0x1C79,0x0D3B,0x3459,0x057B,0x02AD,0x38AA,0x02EE,0x08A3,0x2004,0x3129,
    0x18A3,0x18E4,0x18C3,0x0841,0x30E6,0x0020,0x2045,0x2066,0x0000,0x0801,0x5069,0x9835,0x606D,0x0020,0x2845,0x60AE,
    0x1885,0x18A3,0xAC75,0xB4B6,0xD5FA,0xBD37,0xBD58,0xCE39,0x9B93,0xE857,0xD034,0xD035,0xD835,0xC854,0xD855,0xA010,
    0x700B,0x0841,0x0820,0x1062,0x3127,0x1883,0x0000,0x3125,0x5A2A,0x0841,0x20C4,0x2905,0x1862,0x0000,0x28A4,0x4148,
    0x3927,0x28E5,0x1883,0x0000,0x0884,0x08A5,0x1083,0x2169,0x2927,0x1883,0x0020,0x0000,0x29EF,0x4A6F,0x5A6B,0x6ACD,
    0x730D,0x8BCF,0xA451,0xAC92,0xA452,0x9BD1,0x836F,0x732E,0x93D1,0x9210,0x702B,0x0801,0x1082,0x0021,0x2803,0xA00D,
    0x1021,0x0821,0x3024,0x1022,0x88CD,0x0D14,0x07FF,0x073D,0x071D,0x07FF,0x0473,0x2046,0x6807,0x0AAC,0x05DC,0x04DA,
    0x055B,0x1A91,0x18A8,0x48AA,0xA80B,0x6808,0x2D18,0x07FF,0x075D,0x25FB,0x175F,0x06BB,0x1495,0x23F3,0x06DB,0x05D7,
    0x01E8,0x834E,0xFDBF,0xEC1E,0xC3DE,0xA3BF,0x83B7,0xC636,0x0001,0x0001,0x0001,0x0001,0x0001,0x0001,0x0001,0x0001,
    0x0001,0x0001,0x0001,0x0001,0x77B9,0x47DE,0x0F9E,0x27FF,0x3B4D,0x0022,0x0128,0x01CA,0x14DA,0x54DC,0x459D,0x05DA,
    0x0988,0x290A,0x028D,0x0000,0x1824,0x1883,0x10A3,0x10E4,0x0862,0x1863,0x3907,0x0000,0x2023,0x2065,0x0000,0x08A6,
    0x7915,0x1845,0x0000,0x782E,0x8071,0x20A5,0x0020,0x3106,0xDE7C,0xFF7E,0xCD78,0xCDD9,0xC578,0xCE5A,0xDC39,0xD814,
    0xF898,0xD034,0xE836,0xD855,0x682A,0xA810,0x3826,0x0841,0x1883,0x0820,0x2904,0x3146,0x0041,0x0841,0x6A6B,0x28E4,
    0x1062,0x0841,0x1862,0x0000,0x0821,0x3907,0x692B,0x20E4,0x2926,0x0842,0x0020,0x0000,0x18A5,0x216A,0x2105,0x18A3,
    0x0000,0x1929,0x3A30,0x3988,0x4A2B,0x6AED,0x7B2F,0x93B0,0x9BF1,0xAC52,0xAC94,0x93B0,0x8B70,0x93D1,0x72AD,0x80AC,
    0x780B,0x0020,0x0020,0x0000,0x982C,0xA82F,0x0000,0x2823,0x0800,0x7009,0x4A2E,0x079D,0x07BF,0x071D,0x06BC,0x07FF,
    0x0B51,0x3028,0xA80A,0x78AA,0x05BA,0x05FB,0x071E,0x13D3,0x2089,0x68CF,0xC86C,0xA807,0x3C55,0x07FF,0x16DD,0x38EA,
    0x118B,0x20A9,0x1846,0x5806,0x60CB,0x3C75,0x0411,0x1A4A,0xEC9C,0xCC1F,0x9BDE,0x83DF,0x6C1C,0x9493,0x0001,0x0001,
    0x0001,0x0001,0x0001,0x0001,0x0001,0x0001,0x0001,0x0001,0x0001,0x0001,0x97F7,0x479C,0x1FDF,0x36FB,0x10A3,0x0108,
    0x01EC,0x03B3,0x2C7A,0x545B,0x0E5F,0x0639,0x318C,0x20E8,0x00C3,0x0000,0x1843,0x18A4,0x0841,0x1063,0x18C4,0x0862,
    0x2906,0x0000,0x1023,0x1803,0x0123,0x4B18,0x58AC,0x1022,0xB036,0x90B2,0x10A3,0x10A4,0x0821,0x49A9,0xB516,0x736E,
    0x7B6F,0x5ACB,0x10C3,0x73EF,0x5169,0x3005,0x4026,0x5808,0xA830,0x882D,0x902D,0xB812,0x4027,0x0020,0x2906,0x18A3,
    0x0000,0x2926,0x18A3,0x0020,0x0820,0x2904,0x3125,0x2905,0x1062,0x1041,0x0800,0x2063,0xB08E,0x788A,0x2104,0x2106,
    0x0000,0x0821,0x1084,0x0862,0x2926,0x1883,0x0000,0x216B,0x31CC,0x4A0A,0x49E9,0x4A2A,0x5A6A,0x5229,0x5208,0x49E8,
    0x4A29,0x5A6A,0x8B8F,0x8B70,0x5A4B,0x71CC,0xD093,0x1802,0x0000,0x2002,0xC051,0x6009,0x0800,0x2802,0x6007,0x786C,
    0x05F7,0x075F,0x075F,0x069B,0x0619,0x07FF,0x0B72,0x3889,0x9089,0x78EA,0x0E9B,0x071C,0x07FF,0x0CB5,0x08C8,0x60CD,
    0xC08C,0xA028,0x4BF4,0x07FF,0x3BD4,0x4006,0x4007,0x5849,0x704A,0x882B,0x980B,0x7005,0x492B,0x03D1,0x8C57,0xBBBF,
    0x9BBE,0x945E,0x9C5F,0x9437,0x0001,0x0001,0x0001,0x0001,0x0001,0x0001,0x0001,0x0001,0x0001,0x0001,0x0001,0xB795,
    0x97FC,0x677C,0x3FFF,0x2C10,0x0168,0x0414,0x03F4,0x05FC,0x05B9,0x065C,0x06FF,0x0534,0x40CB,0x2149,0x0082,0x0000,
    0x18C4,0x20E6,0x0926,0x09E8,0x18A3,0x0062,0x1126,0x0000,0x0021,0x0083,0x4AF2,0x98B5,0x9833,0xB857,0x5049,0x10C4,
    0x3129,0x1084,0x0041,0x1082,0x40C7,0x4807,0x6008,0x780A,0x882C,0x800B,0x882C,0x6809,0x4006,0x4026,0x0821,0x0801,
    0x702B,0x4046,0x0841,0x0820,0x18A3,0x28E5,0x0020,0x18A2,0x3167,0x0820,0x0000,0x3186,0x2925,0x0841,0x1062,0x20A3,
    0x2062,0x0000,0x7008,0xD851,0x3105,0x1904,0x1883,0x0000,0x0041,0x08A4,0x2926,0x1061,0x0842,0x2928,0x2128,0x2969,
    0x3967,0x51E9,0x728C,0x7ACC,0x8BCF,0x836E,0x72CB,0x49E8,0x2904,0x49C8,0x624C,0x6949,0xE094,0x2804,0x0000,0x5004,
    0xD070,0x6008,0x4004,0x6028,0x784B,0x04D3,0x07DF,0x065E,0x077F,0x04F4,0x0411,0x07FF,0x0B93,0x388A,0x906A,0x60A8,
    0x16DC,0x0639,0x07FF,0x0474,0x10A7,0x690D,0x906B,0x7008,0x6C17,0x07FF,0x50EB,0x902A,0xA84E,0xA82D,0xA02D,0xC031,
    0xA86D,0xA8CC,0xB00B,0x31EC,0x232D,0xD3BD,0xCB9F,0xCC1E,0xBC1F,0xAC7C,0x9492,0x0001,0x0001,0x0001,0x0001,0x0001,
    0x0001,0x0001,0x0001,0x0001,0x0001,0xBFD9,0xA7B8,0x7FBB,0x5FBF,0x18E3,0x03B1,0x07DF,0x06FD,0x06DC,0x026B,0x0516,
    0x07FF,0x0471,0x38EA,0x1064,0x0041,0x0000,0x1822,0x01C9,0x06DD,0x032D,0x1021,0x0062,0x1905,0x0000,0x0000,0x09A8,
    0x2A6E,0xC017,0xD87C,0x3045,0x0864,0x30A9,0x18A4,0x0061,0x5829,0xC032,0xC852,0xC051,0xB030,0xA04F,0xA04E,0xA06E,
    0xA04E,0xB850,0xC872,0xD072,0xC050,0x906C,0x2844,0x0061,0x1062,0x1883,0x0841,0x18A3,0x20E4,0x0000,0x3126,0x1883,
    0x0000,0x6A6B,0x51C8,0x3126,0x3126,0x0862,0x1082,0x0000,0x1001,0x6089,0x3967,0x2925,0x2926,0x0021,0x0000,0x10C4,
    0x18E4,0x1062,0x0021,0x2908,0x2107,0x1907,0x3147,0x3947,0x3126,0x3146,0x2945,0x20E4,0x39A6,0x6AEC,0x72AC,0x3105,
    0x4128,0xA8ED,0xD893,0x2805,0x0800,0x904A,0xE095,0x2804,0x2803,0x4005,0x6809,0x0575,0x07FF,0x071E,0x07DF,0x034F,
    0x022B,0x07FF,0x03B3,0x20A9,0xB06B,0xA86B,0x16BC,0x0C32,0x079E,0x0C74,0x0845,0x616B,0x98AA,0x5809,0x8AB3,0x3BD4,
    0x7190,0xA80D,0xA850,0xA82F,0x880D,0xB810,0xB8CF,0xB18B,0xB0EC,0x49CE,0x00A1,0xBBB6,0xFBFF,0xF3DE,0xEC9E,0xE53F,
    0x9C54,0x0001,0x0001,0x0001,0x0001,0x0001,0x0001,0x0001,0x0001,0x0001,0xF795,0xEFF7,0xC795,0xAFFA,0x7617,0x0000,
    0x0452,0x077F,0x07FF,0x0577,0x0000,0x024C,0x07FF,0x03CE,0x4089,0x1043,0x0041,0x0000,0x2023,0x0A2C,0x075F,0x02AC,
    0x1843,0x0062,0x18E4,0x0000,0x0000,0x024A,0x31AD,0xB036,0x1843,0x2888,0x38AA,0x18A4,0x1083,0x0861,0x4826,0x4847,
    0x2064,0x10A3,0x08A2,0x0882,0x10C3,0x08A2,0x0060,0x0081,0x0862,0x2063,0x5888,0xA08E,0x882C,0x1062,0x1083,0x28C6,
    0x3106,0x1883,0x28E5,0x0000,0x18C3,0x3166,0x0000,0x51E8,0x51E8,0x3145,0x3947,0x30E5,0x3145,0x20A3,0x0000,0x0820,
    0x38A6,0x396B,0x20E5,0x18E4,0x0000,0x0020,0x1083,0x18A3,0x0000,0x214A,0x31CE,0x10A3,0x10A4,0x20E5,0x3166,0x3187,
    0x2105,0x10A3,0x0000,0x0000,0x0861,0x61CB,0x6889,0x782B,0xF078,0x2002,0x1801,0xC0AF,0x9890,0x1801,0x0000,0x0000,
    0x982E,0x596E,0x077C,0x07DF,0x07DF,0x026D,0x0887,0x079E,0x03B2,0x2867,0xC04C,0xB0AD,0x25FA,0x30C9,0x2475,0x0D16,
    0x1888,0x5988,0xA88A,0x782C,0x886A,0x2802,0x802B,0xB8AC,0xA86C,0xC02F,0xC050,0xC011,0xD12E,0xB9AB,0xA10B,0x5807,
    0x0021,0x5A2B,0xFCBF,0xF43E,0xF49E,0xFCBF,0xD43A,0x8470,0x0001,0x0001,0x0001,0x0001,0x0001,0x0001,0x0001,0x0001,
    0xF6D5,0xFF94,0xE794,0xD7F8,0x53EF,0x0000,0x0472,0x07FF,0x0619,0x0167,0x00A6,0x00C5,0x0536,0x0534,0x40AB,0x1802,
    0x0020,0x0021,0x1842,0x0AAF,0x071E,0x02CC,0x1021,0x0041,0x10A4,0x0000,0x0000,0x02EE,0x50AE,0x1803,0x30AA,0x3889,
    0x2929,0x28E9,0x1062,0x20A5,0x18E4,0x10C3,0x18A4,0x18E5,0x2926,0x28E5,0x20C4,0x20C4,0x28E5,0x20E5,0x1062,0x0841,
    0x0061,0x0040,0x0041,0x1083,0x18A3,0x2906,0x41A8,0x41A8,0x20E5,0x1062,0x0020,0x3126,0x0000,0x3967,0x628C,0x2104,
    0x4148,0x4168,0x20E4,0x3966,0x3145,0x0000,0x1021,0x30C6,0x30E5,0x2926,0x1083,0x0000,0x1062,0x1062,0x0021,0x10A6,
    0x296B,0x3147,0x2947,0x2947,0x39A8,0x3166,0x20E4,0x18C4,0x0841,0x0020,0x0842,0x0061,0x788B,0x882C,0x9810,0x1001,
    0x5805,0xE090,0x704B,0x0000,0x0000,0x0020,0x4046,0xA010,0x0513,0x07FF,0x07BE,0x024C,0x0845,0x0E7B,0x03F3,0x4049,
    0xB04E,0x986C,0x522F,0x1805,0x38EA,0x21AC,0x10A7,0x4988,0xD0AD,0xB02D,0x7048,0x1064,0x886B,0xC10C,0x98AA,0xA06C,
    0xA02F,0xC831,0xA949,0xA98A,0xC16F,0x6028,0x0000,0x1083,0xDCBB,0xFC9F,0xF4DE,0xECBF,0xE4DF,0x8BF2,0x0001,0x0001,
    0x0001,0x0001,0x0001,0x0001,0x0001,0x0001,0xFE56,0xFEB4,0xFF94,0xE715,0x1AED,0x0062,0x0492,0x07FF,0x0535,0x0000,
    0x00E6,0x0003,0x0453,0x04F3,0x38EA,0x2845,0x0041,0x0021,0x1843,0x0A4B,0x038F,0x0966,0x1862,0x0021,0x1083,0x0000,
    0x0042,0x0167,0x1803,0x8053,0x48AB,0x0904,0x5910,0x4889,0x18A4,0x1083,0x0821,0x0000,0x0821,0x1062,0x1083,0x0861,
    0x0021,0x0842,0x18A3,0x18C4,0x2947,0x31A8,0x2905,0x28C5,0x20C5,0x1062,0x0841,0x0820,0x0861,0x2104,0x3146,0x2905,
    0x0000,0x20C4,0x0821,0x28C4,0xA351,0x1021,0x0841,0x18C3,0x2104,0x3146,0x4988,0x0000,0x0000,0x0800,0x2905,0x18C4,
    0x20E5,0x0821,0x0000,0x0842,0x0841,0x00A4,0x2148,0x3168,0x2926,0x2947,0x3146,0x3145,0x2105,0x1082,0x0041,0x1082,
    0x20E4,0x2064,0x3804,0xD894,0x5028,0x0000,0xB04C,0xE091,0x2803,0x0000,0x0000,0x0000,0x2043,0xB811,0x22AE,0x07FF,
    0x073D,0x0189,0x0804,0x1537,0x0435,0x386A,0xC8B0,0x880A,0x2804,0x20CA,0x2806,0x2025,0x012A,0x494B,0xD0AD,0xA06C,
    0x808A,0x00A4,0x788B,0xC90B,0xC96D,0x98EC,0x4047,0x808B,0xC20B,0xC96C,0xC18B,0x6867,0x4806,0x5006,0xA373,0xED5F,
    0xD4FE,0xBD9E,0xCDDF,0xAC56,0x0001,0x0001,0x0001,0x0001,0x0001,0x0001,0x0001,0xCDFA,0xF699,0xF5F6,0xFED8,0xB531,
    0x03B0,0x00E4,0x0472,0x07FF,0x0535,0x0044,0x08A6,0x2805,0x1B72,0x030B,0x514C,0x684B,0x0000,0x0000,0x20A5,0x0842,
    0x0000,0x0842,0x1042,0x0841,0x0862,0x0000,0x0020,0x2846,0xB038,0x90B6,0x10C2,0x1884,0x0020,0x0000,0x0000,0x0801,
    0x1044,0x20C5,0x3147,0x2946,0x18C4,0x20C4,0x2126,0x2948,0x2967,0x3167,0x39C9,0x39E9,0x3187,0x20E4,0x18A4,0x28E5,
    0x3967,0x3146,0x0021,0x0000,0x0841,0x3126,0x0842,0x1061,0x1882,0x1861,0x5988,0x5148,0x4167,0x28C4,0x1082,0x0841,
    0x59A9,0x0800,0x0000,0x0000,0x0841,0x1083,0x2104,0x20C5,0x0000,0x0020,0x0841,0x0000,0x10C6,0x2127,0x3146,0x20E5,
    0x20E5,0x2105,0x18E5,0x0862,0x0842,0x20E4,0x20A4,0x6027,0xC850,0xA84E,0x1802,0x6025,0xD090,0x7829,0x1801,0x0000,
    0x0000,0x0000,0x20A3,0xE053,0x5951,0x0575,0x05B8,0x0127,0x0024,0x0C53,0x0C36,0x386A,0xC890,0x3047,0x2066,0x504A,
    0x3829,0x3067,0x092A,0x410B,0xE08E,0xB84D,0x98AB,0x0061,0x5849,0x98CE,0x50C8,0x00A4,0x00C5,0x0083,0x4147,0xB14D,
    0xE90F,0x6887,0x702A,0xA80B,0x818C,0xBDFE,0xB59F,0xADFE,0xB63F,0xA61C,0x6B8E,0x0001,0x0001,0x0001,0x0001,0x0001,
    0x0001,0xC45E,0xCD5E,0xD5D9,0xFE39,0x636D,0x05B8,0x0082,0x0492,0x07FF,0x0576,0x0045,0x10A8,0x4008,0x41EE,0x030C,
    0x18E7,0x802E,0x1001,0x0000,0x2086,0x00C4,0x08E5,0x2043,0x0000,0x1042,0x0863,0x0000,0x2806,0xB019,0xC03B,0x18C4,
    0x0080,0x0000,0x2805,0x580B,0x704E,0x4889,0x10A4,0x0081,0x0841,0x28A5,0x39ED,0x31ED,0x20A6,0x0863,0x0021,0x0821,
    0x1062,0x1862,0x2906,0x3167,0x18A3,0x1042,0x20A4,0x3988,0x3968,0x0821,0x0000,0x1882,0x28C5,0x0820,0x20A3,0x0000,
    0x0000,0x1882,0x1882,0x3104,0x3966,0x3925,0xAAEF,0x2083,0x0000,0x1862,0x0000,0x0000,0x1883,0x2906,0x1883,0x0000,
    0x0000,0x0000,0x0863,0x18E6,0x20C4,0x0884,0x10A4,0x10C4,0x10A3,0x0841,0x1083,0x1864,0x3845,0xC02C,0xF877,0x1802,
    0x2802,0xE030,0x882B,0x0800,0x1001,0x1801,0x0020,0x0041,0x5926,0xD8AE,0x8031,0x488B,0x6951,0x606E,0x506E,0x41B0,
    0x316E,0x486A,0xA8AE,0x1067,0x38AB,0x28CA,0x3889,0x2847,0x114C,0x30A9,0xB00D,0x688C,0x5048,0x0000,0x0085,0x10E7,
    0x0084,0x2847,0x508B,0x2088,0x0063,0x1885,0xB0CE,0x590A,0x1865,0x5847,0x4844,0x7619,0x7F1F,0x869E,0x8EBE,0x679F,
    0x4492,0x0001,0x0001,0x0001,0x0001,0x0001,0x0001,0x9B7F,0xA45F,0xBD3F,0xD51A,0x234D,0x06DC,0x0020,0x04F3,0x0F5E,
    0x030E,0x0085,0x288A,0x880E,0x516E,0x024A,0x0021,0x4028,0x786E,0x1802,0x0062,0x08C5,0x38A7,0x1022,0x1003,0x1045,
    0x0021,0x0000,0x8835,0xD81E,0x602D,0x2825,0x680D,0x9033,0x8051,0x508B,0x1883,0x0060,0x3004,0x582B,0x68F2,0x6150,
    0x426F,0x3A6E,0x31AC,0x2949,0x294A,0x2169,0x08E4,0x00C3,0x0104,0x0905,0x20E5,0x1882,0x0040,0x1062,0x3105,0x3127,
    0x0821,0x0000,0x20C4,0x0841,0x1882,0x0000,0x1041,0x49A7,0x3167,0x20C4,0x0841,0x1062,0x38C5,0x1862,0x0000,0x20A4,
    0x1062,0x0000,0x0000,0x20A3,0x3147,0x0021,0x0000,0x0000,0x0021,0x0863,0x1084,0x0885,0x08A3,0x0862,0x0020,0x0841,
    0x1022,0x4805,0x900B,0xF855,0x880C,0x2002,0xB82E,0x8809,0x1801,0x0000,0x1002,0x2023,0x0000,0x40C7,0xB12D,0x88AA,
    0xB813,0x4008,0x588D,0x604D,0x5993,0x608E,0x58ED,0x40AA,0x80AE,0x386A,0x18C9,0x0128,0x0148,0x0864,0x08C7,0x1128,
    0x4413,0x4D76,0x44F5,0x2B50,0x00C6,0x0042,0x00A5,0x38AA,0x28A7,0x18A7,0x0107,0x0042,0x0105,0x028A,0x0000,0x0061,
    0x0000,0x4C10,0x57FF,0x577E,0x577E,0x17FF,0x2596,0x0001,0x0001,0x0001,0x0001,0x0001,0x0001,0x6C5F,0x83FE,0xA45F,
    0xA376,0x03CF,0x07DF,0x0000,0x0514,0x0495,0x00E8,0x1888,0x484C,0xA02F,0x6069,0x0125,0x0083,0x0020,0x502A,0x70CF,
    0x684A,0x606A,0x1822,0x0000,0x5850,0x0022,0x0000,0x7071,0xF83F,0xC81A,0x8832,0x782F,0x588C,0x38E7,0x00A0,0x0061,
    0x580B,0xC018,0xA97A,0x4950,0x18C5,0x0841,0x0000,0x0020,0x0208,0x132F,0x4353,0x4BF6,0x24DB,0x34FD,0x2C3A,0x1C38,
    0x0497,0x3290,0x3826,0x0020,0x0060,0x20C4,0x30E6,0x0000,0x1062,0x1882,0x1061,0x0021,0x1062,0x1062,0x1082,0x2904,
    0x3126,0x3926,0x0841,0x0841,0x0841,0x1082,0x20C4,0x0000,0x0000,0x0000,0x20C4,0x20C4,0x0000,0x0000,0x0000,0x0021,
    0x0021,0x0863,0x0021,0x0842,0x0020,0x1022,0x4005,0xB00D,0xE833,0xC030,0x3002,0xA02B,0x6827,0x0800,0x0000,0x0800,
    0x3044,0x0801,0x1883,0xA88F,0x906D,0x7086,0xE834,0x4009,0x590E,0x90F1,0xC894,0xC053,0xB072,0xB891,0xA0D1,0x39AE,
    0x116A,0x486A,0x0844,0x0063,0x0023,0x2BB1,0x565B,0x4558,0x4578,0x55FA,0x314B,0x804C,0x00C5,0x20A8,0x886F,0x00C5,
    0x00A4,0x0002,0x0188,0x0C73,0x0988,0x00A4,0x0083,0x2A08,0x2FBE,0x17BF,0x1FBE,0x07FF,0x26FB,0x0001,0x0001,0x0001,
    0x0001,0x0001,0x757E,0x655F,0x641E,0x8C1F,0x622F,0x0533,0x06BB,0x0000,0x030D,0x024D,0x094B,0x3049,0x682C,0x9850,
    0x390C,0x0124,0x0083,0x0041,0x0000,0x0062,0x1886,0x0800,0x0021,0x0864,0x18A8,0x3006,0xD07A,0xE8BF,0x9894,0x3888,
    0x1042,0x0041,0x08C3,0x0060,0x3827,0xC816,0xE87F,0x62D9,0x01C9,0x00A1,0x0841,0x1083,0x1AEE,0x3C36,0x3BB5,0x2A6D,
    0x31CC,0x3A92,0x1C17,0x1D39,0x13D5,0x1A50,0x21EA,0x2415,0x52D8,0x70B1,0x3026,0x0000,0x10A2,0x1863,0x0020,0x18A3,
    0x0821,0x0000,0x18A3,0x1082,0x0821,0x0000,0x0020,0x20A3,0x28C4,0x5827,0x1021,0x0861,0x2905,0x0000,0x0821,0x0000,
    0x0000,0x20C4,0x18A3,0x0000,0x0000,0x0000,0x0000,0x0842,0x1022,0x1042,0x1801,0x6807,0xB00C,0xD830,0x982C,0x3003,
    0x5805,0x5005,0x0000,0x0000,0x1022,0x0800,0x0840,0x20E4,0x68EB,0xC852,0x4886,0x9068,0xE876,0x700B,0xE056,0x9890,
    0x586A,0x28A8,0x4089,0x4869,0x806C,0xC050,0x812F,0x294A,0x496C,0x21AB,0x00C4,0x0022,0x1BB2,0x4599,0x4579,0x01EA,
    0x1085,0x698D,0x0063,0x1908,0x716E,0x00C5,0x0147,0x3C53,0x4E9C,0x36BD,0x665B,0x5E3A,0x2474,0x1167,0x3E79,0x07FF,
    0x2FBE,0x2FBE,0x37DE,0x440F,0x0001,0x0001,0x0001,0x0001,0x967E,0x8D5F,0x749E,0x74BF,0x31A9,0x020A,0x01CA,0x0020,
    0x0085,0x020D,0x1A2E,0x484B,0x804E,0xB032,0x388A,0x00A3,0x0041,0x0062,0x0000,0x0041,0x0020,0x01C7,0x0062,0x0084,
    0x0042,0xA058,0xA019,0x606F,0x0060,0x0020,0x4867,0x3086,0x0021,0x7030,0xF83E,0xD09D,0x1BD7,0x01E8,0x2063,0x10A3,
    0x1064,0x3B95,0x4350,0x3167,0x1862,0x0000,0x1904,0x2987,0x420B,0x41E9,0x3966,0x2125,0x1862,0x3904,0x236D,0x2C79,
    0x7AB8,0x6132,0x3027,0x0040,0x0820,0x1042,0x0000,0x0000,0x3946,0x1082,0x28C5,0x28C5,0x20A3,0x0841,0x0041,0x4805,
    0x1801,0x0841,0x3146,0x0000,0x0000,0x20C4,0x0841,0x0000,0x18A3,0x0841,0x0000,0x0000,0x0000,0x0000,0x1001,0x2001,
    0x5805,0xC02C,0x7827,0x6827,0x1801,0x2002,0x1801,0x0000,0x0000,0x1062,0x0801,0x0000,0x6069,0x78CD,0x28C6,0x6869,
    0x904A,0xF859,0x684B,0x584A,0x906F,0x392B,0x490C,0x2109,0x294A,0x2087,0x3006,0x2868,0x9850,0xB071,0x3128,0x218A,
    0x02AC,0x11E9,0x0043,0x4557,0x33D2,0x0000,0x10E5,0x698D,0x0000,0x00C4,0x4A4E,0x0021,0x1AED,0x66FD,0x3BD3,0x3D79,
    0x3CD6,0x3D17,0x561A,0x00C4,0x3C92,0x37FF,0x5F7E,0x5F5B,0x67FB,0x5512,0x0001,0x0001,0x0001,0x0001,0xA79D,0xAEDD,
    0xBDDF,0x9CDC,0x10A3,0x00A5,0x0128,0x0021,0x00A4,0x0107,0x212A,0x40AC,0x68D0,0x98B3,0x40ED,0x0063,0x0000,0x0061,
    0x0104,0x0187,0x038F,0x038F,0x00A3,0x0000,0x2888,0x8119,0x6832,0x2063,0x1002,0x8090,0x4866,0x0000,0x9832,0xF89E,
    0xC89B,0x155D,0x03D4,0x0864,0x0041,0x1863,0x3353,0x2372,0x1083,0x2128,0x59CC,0x93B3,0x4108,0x2083,0x5A8B,0xA458,
    0x7B75,0x49EA,0x3986,0x3126,0x38E5,0x2167,0x59F1,0x610E,0x8872,0x9032,0x1823,0x1042,0x0000,0x1082,0x2904,0x0841,
    0x18A3,0x28E5,0x20C4,0x28E4,0x10A2,0x4004,0x3804,0x0040,0x2905,0x0841,0x0000,0x0841,0x2905,0x0821,0x0020,0x20E4,
    0x0000,0x0000,0x0000,0x0000,0x0000,0x1801,0x4805,0x3803,0x0000,0x1001,0x0000,0x0000,0x0000,0x0000,0x1883,0x0841,
    0x0842,0x50EA,0x986F,0x780B,0x5867,0xC02D,0xD833,0x6009,0x0020,0x0064,0x0822,0x2846,0x5049,0x70AD,0x88CF,0x786C,
    0x4848,0x392B,0x2846,0x704B,0xC032,0x0188,0x01CA,0x598F,0x4829,0x4A71,0x216A,0x0000,0x08C4,0x61EE,0x0000,0x00E4,
    0x426E,0x0000,0x0822,0x132F,0x6AD0,0x65D9,0x563A,0x561A,0x022C,0x0000,0x32CA,0x57FF,0x677B,0x7779,0x8FF8,0x8633,
    0x0001,0x0001,0x0001,0x0001,0xDFBE,0xCF99,0xCF5E,0x9538,0x0000,0x1126,0x1168,0x0021,0x0062,0x0041,0x2868,0x194E,
    0x014C,0x406A,0x2825,0x0104,0x0165,0x0431,0x0576,0x04F4,0x04B3,0x0411,0x032D,0x0000,0x59B3,0x991C,0x2886,0x0020,
    0x7850,0x3806,0x0102,0x78B3,0xF85E,0xD817,0x1CFA,0x06FE,0x0907,0x0800,0x3129,0x3AF1,0x23D4,0x0126,0x00A3,0x28C5,
    0x7AEE,0xCD78,0x5169,0x28C5,0x2803,0x4A4B,0x4E1C,0x4B0F,0x4145,0x2925,0x318A,0x4949,0x5987,0x68EE,0x2804,0x886F,
    0x9813,0x0020,0x0000,0x2104,0x18A2,0x0000,0x0820,0x0020,0x1062,0x4167,0x0861,0x3004,0x5007,0x0020,0x2925,0x1062,
    0x0841,0x0000,0x0841,0x20E5,0x0821,0x20C3,0x1062,0x0821,0x0000,0x0000,0x0000,0x0000,0x0801,0x0000,0x0000,0x0000,
    0x0000,0x0000,0x0821,0x0020,0x0020,0x18C3,0x3928,0x4088,0x40A7,0x6068,0x900C,0x882B,0x1802,0x600B,0x1824,0x0002,
    0x0000,0x0000,0x0000,0x0000,0x1023,0x3025,0x6068,0x90EB,0x80AC,0x4948,0xA06D,0xA8F0,0x00A6,0x5829,0x3827,0x98D1,
    0x602B,0x3006,0x00C5,0x426F,0x0800,0x00E3,0x4A6F,0x0801,0x6029,0x3065,0x41AD,0x3DB9,0x4DD9,0x1350,0x00C5,0x0063,
    0x2145,0x7F7A,0x7FD9,0x8F97,0xA7D6,0xC795,0x0001,0x0001,0x0001,0xA59E,0xD65F,0xDE5C,0xEFBD,0x7C71,0x0000,0x0063,
    0x08E6,0x0020,0x0000,0x0002,0x2005,0x08A6,0x0105,0x036D,0x03AF,0x04D4,0x0431,0x0515,0x0596,0x06DB,0x0515,0x0515,
    0x01A6,0x0042,0x4AD8,0x2889,0x0040,0x1066,0x2004,0x0206,0x318D,0xF09C,0xF819,0x4B38,0x06FC,0x026C,0x0063,0x2A70,
    0x3A90,0x31EA,0x19AA,0x00C4,0x0000,0x18A3,0x832F,0xB516,0x30E5,0x10C2,0x3005,0x41A9,0x55F9,0x4B91,0x5209,0x3146,
    0x3147,0x3106,0x6208,0x7249,0x8090,0x4008,0xA835,0x2805,0x0040,0x18A2,0x0820,0x0000,0x0000,0x0000,0x18A3,0x4147,
    0x0841,0x3024,0x5026,0x0000,0x10A2,0x0020,0x10A3,0x0841,0x0000,0x0821,0x1062,0x1082,0x20C3,0x0841,0x20C4,0x0821,
    0x0000,0x0000,0x0000,0x0000,0x1842,0x1022,0x0000,0x0020,0x0000,0x1083,0x30E7,0x4148,0x38C6,0x4847,0x7049,0x5007,
    0x2003,0x0000,0x1000,0xD854,0xA012,0x00C2,0x028C,0x022A,0x0167,0x0063,0x0000,0x0000,0x0000,0x0020,0x2023,0x604A,
    0x6869,0xE892,0x982D,0xA10C,0xD852,0xA172,0x98D1,0xF055,0x68ED,0x4A2D,0x2803,0x08C3,0x5A50,0x1802,0x5048,0x3804,
    0x5068,0x2C12,0x3D58,0x0107,0x00E5,0x00A4,0x0883,0x9E75,0xA7F6,0xB795,0xD7B3,0xFFF5,0x8C6D,0x0001,0x0001,0x745E,
    0xA53F,0xD4BE,0xFDBF,0x62EB,0x0000,0x0021,0x0021,0x0021,0x0000,0x0166,0x02CB,0x0471,0x0431,0x0577,0x0411,0x03AF,
    0x0596,0x03F0,0x038E,0x01A6,0x00E4,0x00A3,0x0000,0x0948,0x1AAF,0x0841,0x0042,0x0002,0x038E,0x030D,0xA813,0xF83D,
    0x9998,0x03F0,0x08A4,0x0822,0x22B1,0x224D,0x2926,0x42B2,0x21CC,0x00E4,0x0800,0x18A4,0x9C14,0xC5D8,0x28E5,0x0861,
    0x4045,0x28E5,0x2125,0x1082,0x0861,0x0820,0x1063,0x20A4,0x30E5,0x7209,0xA34E,0x88B1,0xA015,0x8010,0x0040,0x1883,
    0x0000,0x0000,0x0000,0x0820,0x4166,0x28E5,0x0020,0x3024,0x5005,0x2965,0x610A,0x2803,0x0861,0x10C2,0x18A2,0x0000,
    0x0000,0x0841,0x28E4,0x0000,0x10A3,0x28E5,0x2042,0x0000,0x3044,0x4846,0x1862,0x0000,0x0000,0x1062,0x38E5,0x3947,
    0x18A4,0x1822,0x2803,0x1001,0x0000,0x0000,0x0000,0x0801,0x802A,0xF094,0xE839,0x58CD,0x05D6,0x0539,0x06BC,0x0390,
    0x506A,0xC071,0x2825,0x0000,0x0000,0x0000,0x0000,0x1823,0x6068,0xA0CE,0xF896,0xA1D4,0x9130,0xF876,0xD0D5,0x7A50,
    0xE033,0xB0F0,0x9293,0xD072,0x6049,0x5068,0x6007,0x1ACC,0x34B4,0x0000,0x0000,0x0000,0x0000,0x84CF,0xCFF5,0xD792,
    0xF793,0xFFF8,0xAD30,0x0001,0x0001,0x837E,0x8BDF,0xA3DE,0xD45F,0x3967,0x0000,0x0000,0x0124,0x032D,0x032D,0x04F4,
    0x0556,0x03CF,0x04D3,0x0639,0x0431,0x034D,0x01C7,0x0082,0x0021,0x0125,0x03CF,0x0165,0x0000,0x09A8,0x2A70,0x0000,
    0x0000,0x0455,0x0473,0x4808,0xF85F,0xB013,0x18E7,0x0000,0x0000,0x0041,0x0000,0x1906,0x3A90,0x4357,0x11EB,0x00C3,
    0x0820,0x20A5,0xB4D6,0xA4D3,0x18A4,0x0841,0x50A8,0x0801,0x10A3,0x20E5,0x18A4,0x18C5,0x10A4,0x1884,0x2063,0x1802,
    0x69E7,0xAA32,0xA057,0xB858,0x1823,0x1883,0x1082,0x1062,0x0000,0x18A2,0x3986,0x18A3,0x0040,0x2843,0x5866,0x10A2,
    0x30C5,0x70EB,0x818D,0x4907,0x10A2,0x0841,0x0000,0x0000,0x3105,0x0841,0x0821,0x0861,0x28A5,0x4825,0x3886,0x1863,
    0x0000,0x0821,0x28A4,0x30E5,0x2083,0x0000,0x1802,0x1001,0x0000,0x1001,0x0000,0x0820,0x2043,0x4846,0xA88D,0xD874,
    0x800C,0xE816,0x294B,0x03F3,0x063B,0x0432,0x1909,0xA0B0,0x3108,0x38C8,0x0000,0x22AD,0x1A6C,0x0000,0x0000,0x0000,
    0x3005,0x39AC,0x812F,0xF876,0xE119,0x6A4F,0xF838,0xF91A,0x8A51,0xF899,0x6849,0x804B,0x802B,0x20A7,0x0126,0x0801,
    0x0063,0x0042,0x0000,0x630A,0xF7F3,0xF792,0xF797,0xFF79,0xCD73,0x0001,0x0001,0xD3DE,0xB3DE,0x8B3E,0x9BDD,0x18A3,
    0x0208,0x0104,0x028A,0x05B7,0x0576,0x05D7,0x028A,0x0515,0x030D,0x01E8,0x0228,0x0104,0x0145,0x038E,0x03AF,0x0249,
    0x0431,0x034D,0x0000,0x1948,0x294A,0x0000,0x04B4,0x0DDA,0x0862,0xC016,0x8071,0x0163,0x0000,0x0000,0x0000,0x28A7,
    0x59B0,0x42F1,0x2A4C,0x1883,0x0946,0x00C4,0x0820,0x28E6,0xC598,0x8C11,0x18A4,0x1062,0x4867,0x10C4,0x3168,0x2947,
    0x31A9,0x39A9,0x39AB,0x3127,0x28A5,0x2023,0x4044,0xAA0B,0xE11A,0xA817,0x2005,0x0840,0x4926,0x3105,0x18C3,0x20E4,
    0x18A3,0x0821,0x0020,0x20C3,0x5107,0x0841,0x0000,0x10A1,0x5AC9,0x794C,0x686A,0x1082,0x0840,0x0000,0x2105,0x0841,
    0x1042,0x1063,0x18C4,0x3085,0x2002,0x0000,0x0841,0x1082,0x1042,0x0000,0x0000,0x0000,0x4826,0x3024,0x2002,0x5807,
    0x1802,0x1001,0x2084,0x6067,0x2823,0xA030,0x5025,0xE06F,0x9010,0x03CF,0x06BD,0x04D5,0x00E6,0x7009,0x1A0B,0x498C,
    0x0906,0x6E7C,0x661B,0x08C5,0x0000,0x0021,0x0000,0x0228,0x392A,0x4804,0xC0B5,0x614D,0xC876,0x9194,0x41CB,0xB852,
    0x6029,0x708B,0xA06E,0xD8F7,0xA176,0xA832,0x586C,0x1084,0x0000,0x39A6,0xFFD5,0xFF95,0xF6D9,0xFE58,0xE537,0x0001,
    0x0001,0xFCFF,0xDC3E,0xB3BF,0x937B,0x0820,0x034E,0x0597,0x05D7,0x05F8,0x0619,0x0411,0x0431,0x02CB,0x0000,0x0000,
    0x01C8,0x03D0,0x05B7,0x04F5,0x03F0,0x02EC,0x0515,0x00A2,0x0000,0x0885,0x0002,0x04D3,0x069F,0x0146,0x4828,0x604D,
    0x0268,0x0082,0x0042,0x00C4,0x5A90,0x6210,0x30E8,0x0861,0x0020,0x0842,0x0167,0x00A3,0x1021,0x3928,0xCDB9,0x736E,
    0x10A2,0x1863,0x4847,0x0061,0x0862,0x0841,0x20C4,0x3166,0x3188,0x2907,0x28C5,0x2885,0x1002,0x3063,0x90CB,0xA815,
    0xA034,0x0841,0x4186,0x6A2A,0x4106,0x20E4,0x18A3,0x0020,0x0040,0x3146,0x3864,0x0020,0x0000,0x3106,0x3966,0x0080,
    0x30A4,0x1882,0x10A2,0x0000,0x1863,0x0000,0x0000,0x10C3,0x18C4,0x18C4,0x2104,0x28E4,0x20A4,0x0841,0x0020,0x0000,
    0x1862,0x0000,0x4826,0x6828,0x2023,0x3845,0x2823,0x1001,0x10A3,0x20A4,0x0821,0x904E,0x3845,0x7848,0x900E,0x02AA,
    0x069C,0x03F1,0x00A4,0x21ED,0x020B,0x39EC,0x0020,0x6E19,0x5515,0x0021,0x0044,0x1003,0x700A,0x61B0,0x48CA,0x710F,
    0x498E,0x1168,0x1988,0x18A4,0x0041,0x1843,0x3804,0x5868,0x986D,0xF8DC,0xF93B,0xE93B,0x4A94,0x02ED,0x01C8,0x19C8,
    0xEED7,0xFE98,0xFDD9,0xFD3B,0xF49E,0x0001,0x0001,0xFDDF,0xF4FE,0xF45F,0xA377,0x0000,0x032D,0x06DC,0x069B,0x02CB,
    0x0186,0x0082,0x0041,0x0000,0x02AB,0x0249,0x0556,0x03F0,0x05F8,0x0555,0x04D4,0x03CE,0x0185,0x0000,0x0000,0x0000,
    0x04D4,0x077F,0x1232,0x1823,0x2002,0x034E,0x01C8,0x0084,0x00A3,0x314A,0x5A93,0x3129,0x30E6,0x0945,0x1967,0x18C5,
    0x0187,0x0061,0x1062,0x4168,0xDE3A,0x62EC,0x0882,0x2844,0x4827,0x0000,0x1862,0x28C6,0x3168,0x31A8,0x2967,0x2946,
    0x2926,0x3126,0x40A7,0x3806,0x680B,0x3004,0x9030,0xA815,0x0000,0x10A2,0x4147,0x3966,0x20C4,0x2084,0x0861,0x30A5,
    0x5006,0x0000,0x0861,0x4169,0x28E5,0x0841,0x0020,0x20C3,0x10A3,0x0000,0x1904,0x4969,0x6A4D,0x52EC,0x3B0E,0x39AA,
    0x20C5,0x20A4,0x28E5,0x2904,0x3106,0x20A4,0x1042,0x0000,0x3845,0x6028,0x6006,0x7849,0x3805,0x0000,0x20A4,0x1883,
    0x0841,0x784A,0x1021,0x706C,0xA810,0x028A,0x061A,0x0452,0x0A0D,0x3AB6,0x69B2,0x424F,0x6008,0x4212,0x496F,0x600C,
    0x88F1,0x99D5,0x9297,0x4270,0x0906,0x130E,0x0228,0x01A7,0x01C8,0x8088,0x888B,0x782B,0x6027,0x4005,0x6849,0xC073,
    0xE076,0xF858,0x9070,0x10A5,0x0042,0x0041,0xCD55,0xFD7C,0xF47D,0xFC1E,0xF41F,0x0001,0xDD9E,0xFDDF,0xF5FD,0xFDDF,
    0x9BB3,0x0000,0x01C7,0x02EB,0x0125,0x00A2,0x0166,0x028B,0x0209,0x0000,0x038E,0x06FC,0x05D8,0x0411,0x02CC,0x00E2,
    0x0145,0x4806,0x5808,0x0000,0x0021,0x0473,0x06DE,0x0475,0x1866,0x0800,0x028A,0x0BF3,0x01AA,0x0105,0x08A5,0x29ED,
    0x118A,0x2128,0x18C4,0x0061,0x08A2,0x0020,0x01C8,0x0041,0x1062,0x49E9,0xD619,0x522A,0x0882,0x3845,0x3024,0x0061,
    0x1062,0x0841,0x1062,0x20E5,0x3989,0x418A,0x49CA,0x3148,0x2905,0x58E8,0xA890,0x9830,0x0800,0x800E,0xA014,0x1081,
    0x20C4,0x1081,0x20C3,0x2083,0x0882,0x2823,0x5806,0x0000,0x18A3,0x4187,0x18C3,0x0841,0x0841,0x10A3,0x0800,0x1249,
    0x4B2C,0xC46F,0x5229,0x2926,0x19A7,0x3A2B,0x4ACD,0x29EA,0x1926,0x18A3,0x18E5,0x20A4,0x2084,0x0000,0x2002,0x5827,
    0x2083,0x4085,0x6028,0x0000,0x28C5,0x0841,0x1842,0x7849,0x0000,0xA86E,0xF013,0x2929,0x05B7,0x0456,0xA938,0xF81A,
    0xE93A,0x41AD,0x8890,0x292A,0x594E,0x6252,0x22AD,0x0249,0x01C5,0x0249,0x0166,0x0167,0x0187,0x08A3,0x1042,0x1041,
    0x3064,0x6048,0x782A,0x802C,0xA04C,0x902B,0x782A,0xD034,0xC833,0x2867,0x0043,0x0000,0xA3D2,0xFCBF,0xF3BE,0xDB7E,
    0xBBFF,0xA41C,0xCE5B,0xDE3E,0xF5FB,0xFEBB,0x83AE,0x0000,0x0082,0x0208,0x02AB,0x036E,0x03F0,0x05D8,0x02EC,0x0062,
    0x02AB,0x0493,0x01E7,0x0020,0x0000,0x4807,0x900D,0x902E,0xC074,0x1001,0x0167,0x1DDE,0x118C,0x0928,0x0800,0x0042,
    0x0477,0x020C,0x00A3,0x0041,0x0A0A,0x0A8B,0x0208,0x0105,0x1106,0x2169,0x2106,0x1063,0x01C8,0x0020,0x1062,0x626B,
    0xD63A,0x4188,0x0861,0x4047,0x2003,0x0000,0x1042,0x3128,0x51CB,0x51CA,0x3948,0x2906,0x20C4,0x18A3,0x1882,0x2083,
    0x2082,0x5848,0x9010,0x700E,0xC059,0x1823,0x1882,0x0820,0x1082,0x1062,0x0882,0x2002,0x6027,0x0000,0x28E5,0x3106,
    0x1082,0x1062,0x1062,0x0820,0x0925,0x226C,0x3925,0x8AE9,0x39C6,0x2209,0x19A8,0x10C5,0x2105,0x2167,0x2A2A,0x328B,
    0x1ACC,0x12AC,0x11A7,0x0125,0x18E6,0x5005,0x5005,0x3803,0x6829,0x1022,0x2884,0x0000,0x3886,0x4024,0x1802,0xC02F,
    0xB80E,0x518E,0x06BB,0x4AD7,0xE05A,0xC8F6,0x5230,0x0A2B,0x01A7,0x0208,0x0208,0x0165,0x0126,0x0146,0x0146,0x0146,
    0x01A7,0x0104,0x00C2,0x18A4,0x4004,0x3044,0x1822,0x1001,0x0800,0x1001,0x3044,0x4826,0x4826,0xB871,0xD8B6,0x3848,
    0x0821,0x0000,0x7AAF,0xFC5F,0xCBDE,0xA39E,0xA39F,0x9BDE,0xDEFB,0xDEDA,0xD677,0xFEB9,0x6B0B,0x0000,0x0411,0x0515,
    0x05D8,0x036E,0x0493,0x0619,0x0576,0x0104,0x0040,0x0061,0x4005,0x884C,0x5829,0xB031,0x702C,0x880D,0xC834,0x3003,
    0x01E8,0x433C,0x3009,0x0000,0x00A2,0x0412,0x030F,0x02AC,0x01E8,0x0B6E,0x1CD6,0x33D2,0x2188,0x10C4,0x0883,0x10C4,
    0x2947,0x0882,0x0186,0x0000,0x1883,0x730D,0xCE18,0x3147,0x0041,0x4046,0x1001,0x1883,0x498A,0x3968,0x20A3,0x1062,
    0x10A3,0x2104,0x2925,0x3146,0x41A8,0x4126,0x40E6,0x2863,0x3003,0x800E,0xC038,0x2805,0x0020,0x1082,0x1862,0x0842,
    0x0020,0x4845,0x5027,0x10A2,0x2905,0x1082,0x0841,0x1083,0x1061,0x00E4,0x0B4E,0x2063,0x2104,0x41A9,0x1083,0x08A4,
    0x0841,0x0042,0x0883,0x10A4,0x18C5,0x10C5,0x1926,0x2188,0x2A2A,0x1A6B,0x1B4E,0x02CB,0x11E9,0x38C7,0x6006,0x1000,
    0x0821,0x0021,0x4067,0x0000,0x802B,0x5006,0x900D,0x396C,0x071C,0x649D,0xF89C,0x78D0,0x01E7,0x1168,0x09A7,0x00E4,
    0x0083,0x0042,0x0000,0x0061,0x00C3,0x0125,0x0082,0x00A3,0x0187,0x0167,0x3026,0x60A9,0x3845,0x2804,0x1802,0x1001,
    0x2002,0x2023,0x682A,0xF858,0xD874,0x600A,0x1802,0x0000,0x59EB,0xE43F,0xA3BE,0x937E,0x93FF,0x8CBE,0xF71A,0xEF39,
    0xCEB6,0xE6D8,0x5AA9,0x0000,0x03AF,0x05B7,0x03F0,0x0536,0x02AB,0x0144,0x00C3,0x1802,0x2803,0x0000,0x702A,0x802C,
    0xC853,0xC833,0x880D,0x780B,0x3005,0x1000,0x024A,0x6ABE,0x2806,0x0227,0x04F8,0x02AF,0x02CC,0x01A7,0x02EC,0x038F,
    0x1126,0x1021,0x18A3,0x2126,0x2126,0x0862,0x0862,0x0883,0x0146,0x0000,0x20A4,0x8BCF,0xBD96,0x20E5,0x0861,0x4846,
    0x1022,0x3126,0x18A3,0x0841,0x18A3,0x20E4,0x3126,0x41E8,0x4A09,0x41C7,0x4187,0x3145,0x4146,0x61A9,0x6909,0x5086,
    0x9010,0x600C,0x0040,0x1862,0x0821,0x0020,0x0000,0x2823,0x3804,0x1082,0x5929,0x28C5,0x10A3,0x0861,0x0821,0x02AD,
    0x126B,0x1042,0x18E4,0x3988,0x1083,0x0883,0x0862,0x0863,0x0062,0x0042,0x0021,0x0000,0x0842,0x18A3,0x28E6,0x20C5,
    0x30C5,0x3988,0x228C,0x1BCF,0x234D,0x0208,0x0082,0x1802,0x0800,0x3004,0x3826,0x0800,0xB831,0x880C,0x4332,0xF19F,
    0xD077,0x5049,0x2866,0x1864,0x0062,0x0146,0x01E8,0x02EC,0x0410,0x04B3,0x0515,0x02CC,0x00C3,0x0410,0x0451,0x0411,
    0x1908,0x900C,0x884B,0x986C,0x982D,0x880C,0x6808,0x682A,0x802B,0x882D,0xB851,0xD853,0x702A,0x1001,0x39A8,0xBC3F,
    0x8BFE,0x747E,0x7D1F,0x859E,0xF6FB,0xFEDB,0xEE79,0xF69A,0x4A48,0x0000,0x038E,0x038E,0x03AF,0x0144,0x0800,0x3004,
    0x6009,0x800C,0x4006,0x0000,0x4006,0xB010,0x980E,0x5808,0x4005,0x0801,0x0000,0x0000,0x122D,0x52D8,0x00A2,0x05B9,
    0x0334,0x01EB,0x01E8,0x4493,0x471D,0x0CF7,0x18E6,0x1061,0x0862,0x3146,0x41C8,0x18C4,0x0000,0x00C4,0x0105,0x0000,
    0x20C4,0x9472,0xA4B4,0x1083,0x1062,0x5047,0x1062,0x0841,0x0020,0x10C4,0x2104,0x39A8,0x3187,0x18C3,0x0841,0x0000,
    0x0000,0x0000,0x0000,0x0820,0x2082,0x40C4,0x90EA,0xC055,0x0020,0x1042,0x0000,0x0000,0x0861,0x1883,0x20C5,0x0020,
    0x0801,0x1084,0x20E6,0x0841,0x0000,0x05B8,0x03D0,0x0821,0x41C7,0x2925,0x10C4,0x0883,0x0883,0x08A3,0x0863,0x0862,
    0x3187,0x2105,0x0863,0x0042,0x0021,0x1062,0x18C4,0x3106,0x3907,0x3967,0x2A2A,0x22ED,0x1BB0,0x0B0D,0x01E8,0x18C5,
    0x0000,0x3804,0x5806,0xB092,0x802E,0xF01A,0x48AB,0x0228,0x0A6B,0x1B70,0x0411,0x0451,0x04D3,0x0535,0x03F1,0x026A,
    0x0125,0x0000,0x02EB,0x0452,0x00C5,0x01C7,0x0248,0x4006,0x1823,0x0822,0x2044,0x3866,0x788C,0x702B,0x702A,0x882B,
    0x704A,0x6007,0xA88F,0xB02E,0x5928,0x9D1D,0x6D3F,0x55BE,0x6E5F,0x56DE,0xDF5C,0xF6FD,0xF69C,0xFEBB,0x41E7,0x0000,
    0x0187,0x0020,0x2803,0x6008,0x9830,0x682B,0x902F,0xC833,0x780C,0x2003,0x4807,0x6029,0x0801,0x0000,0x2003,0x2003,
    0x0801,0x0000,0x4190,0x306A,0x030D,0x059E,0x0127,0x0208,0x1F3D,0x8FDF,0x6C13,0x08E7,0x18C4,0x1062,0x20A3,0x2904,
    0x18E3,0x1905,0x0965,0x00A3,0x0106,0x0800,0x28C5,0xA4D4,0x9411,0x1082,0x1863,0x5047,0x0020,0x0000,0x0841,0x20C4,
    0x3166,0x18C3,0x0000,0x0000,0x0841,0x18A3,0x1883,0x1863,0x0841,0x0000,0x0000,0x0000,0x1880,0xC14F,0x9833,0x0000,
    0x0821,0x1862,0x0861,0x08C3,0x1104,0x1862,0x1884,0x0000,0x0000,0x0000,0x0167,0x077F,0x0A2B,0x39A8,0x4A08,0x10A3,
    0x0883,0x1083,0x0820,0x0000,0x0862,0x10A3,0x3987,0x49C9,0x10A4,0x0000,0x0000,0x0000,0x0000,0x0842,0x20C5,0x1905,
    0x20E5,0x28C5,0x2927,0x21EA,0x1AEE,0x138F,0x130D,0x124A,0x2084,0xC032,0x800D,0x4849,0x036D,0x1433,0x03D0,0x03B1,
    0x0B92,0x0A50,0x0454,0x04D5,0x01CD,0x0085,0x0021,0x0021,0x03AE,0x024B,0x0000,0x0000,0x02CB,0x2066,0x584A,0x0042,
    0x0063,0x0041,0x1084,0x4067,0x0020,0x4088,0xD831,0xC811,0x5027,0xB04D,0x80AA,0x757B,0x6E1F,0x4E9E,0x473F,0x279E,
    0xC79A,0xDF9A,0xF71B,0xFF3B,0x39C6,0x0000,0x0000,0x1001,0xA030,0x900E,0xA010,0x802D,0xA030,0xB030,0x902E,0x0801,
    0x0000,0x2803,0x2003,0x702B,0x680A,0x3005,0x0000,0x0000,0x3809,0x120C,0x04D7,0x022F,0x0187,0x0DB8,0x23AF,0x4B10,
    0x4AEF,0x18A3,0x2105,0x10A3,0x2125,0x1904,0x0020,0x00E4,0x0144,0x00A3,0x0105,0x0821,0x28C5,0xBD37,0x8390,0x08A2,
    0x2864,0x4046,0x0000,0x0820,0x18C3,0x2926,0x1883,0x0000,0x1062,0x20E5,0x2946,0x4229,0x3987,0x3145,0x2905,0x28A4,
    0x38C4,0x2023,0x1003,0x1840,0x908F,0x600C,0x0840,0x2084,0x2945,0x41A7,0x1062,0x0841,0x0820,0x0000,0x0061,0x0000,
    0x026B,0x04D5,0x18E5,0x5A6C,0x2946,0x08A3,0x08A4,0x0883,0x0021,0x0021,0x0000,0x18A4,0x2926,0x18A3,0x0000,0x0841,
    0x20A4,0x1063,0x1062,0x0841,0x0000,0x0000,0x0842,0x10A4,0x20E5,0x20E6,0x30C6,0x3128,0x31AA,0x2AEE,0x2BD0,0x3B50,
    0x59ED,0x0A07,0x03F1,0x024C,0x02AD,0x022C,0x01AB,0x0107,0x0411,0x0166,0x0000,0x0020,0x0186,0x0082,0x034E,0x0082,
    0x1063,0x1042,0x01E8,0x0126,0x5829,0x1885,0x0083,0x0063,0x00C3,0x2867,0x3847,0x0082,0x4048,0xE835,0xE073,0x5847,
    0x5846,0x65F9,0x5F3F,0x377E,0x1FBF,0x0FBF,0xA799,0xB79B,0xC79B,0xF7DA,0x39C6,0x0000,0x0020,0x0000,0x902D,0xB031,
    0x880D,0xA010,0x3005,0x0000,0x0000,0x1802,0x800C,0x800B,0x702B,0xD856,0xC834,0x2004,0x0000,0x0000,0x02ED,0x05F9,
    0x0106,0x00A4,0x0B8E,0x0905,0x1801,0x2330,0x3BF3,0x28E4,0x1904,0x18C3,0x28E5,0x18E4,0x0000,0x0000,0x0000,0x0105,
    0x00C3,0x0821,0x2925,0xC5D7,0x6B0E,0x0882,0x3045,0x3825,0x0000,0x1061,0x2103,0x18C3,0x0000,0x10A3,0x2905,0x3105,
    0x2926,0x2945,0x2165,0x39A6,0x3947,0x4106,0x61C8,0x81EB,0x814E,0x680E,0x782F,0x8830,0x0000,0x1062,0x18A3,0x4186,
    0x1104,0x0966,0x01A7,0x00A2,0x0000,0x0000,0x0000,0x0021,0x41E9,0x5A6C,0x10C4,0x10C4,0x0883,0x0841,0x0000,0x0000,
    0x0000,0x2906,0x3147,0x1062,0x0000,0x18A4,0x20C4,0x20A4,0x28E5,0x1082,0x0000,0x0000,0x0000,0x0000,0x0000,0x0021,
    0x1083,0x20C6,0x28A6,0x3065,0x3907,0x21A7,0x4A8E,0xB1F5,0x91B1,0x48C8,0x08E5,0x0020,0x0000,0x00E4,0x024D,0x0000,
    0x0000,0x0062,0x01A7,0x0105,0x01E9,0x00A3,0x2128,0x2823,0x1083,0x01C8,0x2003,0x68AB,0x2064,0x1063,0x08E5,0x0863,
    0x4828,0x0822,0x0042,0x4028,0xE073,0xE8B4,0x4005,0x45F7,0x2FFF,0x0F9E,0x07BF,0x17BE,0x9799,0x97BB,0xAFBD,0xDFFC,
    0x39C6,0x0000,0x0000,0x0000,0x700B,0x5808,0x5809,0x0801,0x0801,0x4006,0x0000,0x2804,0xB010,0x780B,0x982F,0xA02F,
    0x902F,0x3003,0x00A2,0x03B1,0x04B6,0x024C,0x0000,0x0A69,0x0A4A,0x0000,0x18A4,0x52CC,0x734E,0x2905,0x1905,0x08A3,
    0x2905,0x2125,0x0041,0x0000,0x0000,0x0126,0x0083,0x0821,0x39A8,0xC5F7,0x522A,0x0061,0x4066,0x2823,0x0000,0x1061,
    0x20E4,0x0000,0x1082,0x2104,0x18C3,0x2905,0x2925,0x18C3,0x49E8,0x628B,0x2905,0x18A4,0x1823,0x20A3,0x6147,0x68A8,
    0xC0D4,0xB876,0x3025,0x0040,0x20E3,0x0841,0x0841,0x18A2,0x1166,0x1ACC,0x1AAB,0x00C3,0x0020,0x1083,0x624B,0x39C8,
    0x0862,0x0883,0x0883,0x0000,0x0000,0x0000,0x1042,0x3126,0x2906,0x0000,0x0820,0x20C4,0x0000,0x0820,0x0821,0x1042,
    0x1042,0x0821,0x0800,0x0801,0x0000,0x0000,0x0000,0x0000,0x0821,0x1063,0x20A5,0x3087,0x3867,0x586A,0x788D,0x9911,
    0xB132,0x9971,0x48A8,0x0126,0x0128,0x0000,0x0000,0x00C4,0x00C4,0x0146,0x02AD,0x0146,0x0062,0x0000,0x0842,0x0188,
    0x0063,0x4806,0xA00E,0xB050,0xB04F,0xC050,0xB84F,0x984C,0x804B,0x6829,0x8069,0xA0AC,0x6807,0x3595,0x07FF,0x079E,
    0x27BE,0x3FBD,0x5FBE,0x779D,0x8F9B,0xBFFC,0x39E6,0x0000,0x0000,0x0000,0x1001,0x0000,0x2804,0x6009,0x882E,0x704B,
    0x0000,0x3004,0x884D,0x2003,0x802D,0x2804,0x1001,0x0926,0x0476,0x020D,0x01CA,0x0000,0x020A,0x1BD0,0x2189,0x0002,
    0x2084,0x4A6A,0x6BD0,0x3146,0x10C3,0x10C3,0x2946,0x20C4,0x0861,0x0000,0x0000,0x0167,0x0062,0x1042,0x420A,0xBDB7,
    0x3987,0x0061,0x4887,0x1802,0x0000,0x1062,0x1061,0x0000,0x18A3,0x1082,0x3147,0x1082,0x1061,0x4946,0x3905,0x834E,
    0x8330,0x2105,0x60E9,0x6067,0x1041,0x1882,0x2082,0x4868,0x8870,0x680D,0x1843,0x0841,0x0821,0x0820,0x3946,0x30E4,
    0x2146,0x11C8,0x0020,0x28A5,0x6A0A,0x1882,0x10A4,0x10A4,0x1062,0x0000,0x0000,0x0000,0x20E4,0x3966,0x18A3,0x0000,
    0x1883,0x20A4,0x0000,0x0000,0x0000,0x0800,0x0800,0x0000,0x0000,0x0000,0x0000,0x0000,0x0000,0x0000,0x0000,0x0000,
    0x0000,0x1022,0x2044,0x2845,0x3025,0x3806,0x5808,0x786C,0xC8F6,0x708F,0x0229,0x0A8C,0x028C,0x026B,0x0126,0x03B1,
    0x0C33,0x0B91,0x0350,0x020A,0x024A,0x0BF1,0x1A8C,0x1022,0x1885,0x788C,0xA82E,0xA80E,0xC0AF,0xE150,0xE931,0xE091,
    0xE892,0xD8CF,0xC80F,0x4536,0x07FF,0x279E,0x47BE,0x5FBA,0x47BE,0x6FBD,0x8799,0xB7FC,0x4228,0x0000,0x0000,0x2003,
    0x680A,0x882D,0x882D,0x5809,0xC834,0xA071,0x4807,0x1002,0x5008,0x0000,0x0000,0x0000,0x0020,0x0474,0x020A,0x0310,
    0x0023,0x032F,0x0332,0x034E,0x0A0B,0x0022,0x10C4,0x324A,0x6C32,0x3107,0x1062,0x2926,0x28E5,0x18C4,0x0021,0x0000,
    0x0000,0x0168,0x0041,0x1883,0x62AC,0xC576,0x3146,0x0861,0x4886,0x0801,0x0000,0x1042,0x0000,0x0000,0x0840,0x18A4,
    0x2906,0x0020,0x3104,0x28E4,0x1884,0x8AEE,0xA3F4,0x2126,0x5146,0x80AA,0x5008,0x0000,0x1082,0x2905,0x5048,0x700E,
    0x600D,0x0020,0x0820,0x1082,0x2905,0x10A2,0x0820,0x0000,0x11A6,0x3269,0x1166,0x0905,0x10A5,0x0883,0x0020,0x0000,
    0x0000,0x0820,0x2925,0x2926,0x0821,0x0000,0x28E5,0x0841,0x0000,0x0821,0x1021,0x0000,0x0000,0x0000,0x0000,0x6008,
    0x0000,0x0021,0x0821,0x0821,0x0821,0x0000,0x0801,0x0000,0x0000,0x0000,0x0801,0x2804,0x4026,0x3805,0x5007,0xB013,
    0x294A,0x2B32,0x0B10,0x10A4,0x0105,0x1BB0,0x22AF,0x02CE,0x03F1,0x0A8D,0x122C,0x0A2B,0x18E6,0x1864,0x0082,0x0020,
    0xA392,0x8371,0x10C5,0x0821,0x1842,0x2884,0x3886,0x4867,0x5006,0x3CF4,0x27FF,0x4F9C,0x6FBA,0x97B6,0x57BD,0x7FBB,
    0x8798,0xC7F9,0x4A48,0x0000,0x0000,0x900D,0xA00F,0xA02F,0x804D,0x902E,0xA02E,0xA830,0x2804,0x1002,0x1001,0x0000,
    0x0000,0x0000,0x01A7,0x03F2,0x0452,0x020A,0x03AE,0x063C,0x0022,0x034E,0x09CB,0x0822,0x10C4,0x4A09,0x83B1,0x20A4,
    0x20C3,0x4168,0x20E4,0x0861,0x0000,0x0000,0x0000,0x0147,0x0000,0x1083,0x5A8B,0x9C32,0x18C3,0x0861,0x4886,0x0000,
    0x0000,0x0841,0x0000,0x0000,0x0000,0x1883,0x1061,0x1883,0x1062,0x20C4,0x30E5,0x626B,0xA513,0x2947,0x49A6,0x712A,
    0x680D,0x0000,0x40E7,0x49A9,0x4127,0x694A,0xA8D3,0x4008,0x0000,0x3106,0x20C4,0x0861,0x0020,0x0000,0x28C4,0x21E7,
    0x0166,0x08A3,0x0904,0x0966,0x1083,0x0000,0x0000,0x1062,0x3126,0x20C4,0x0000,0x0841,0x20E4,0x0000,0x0000,0x0800,
    0x0000,0x6007,0x0801,0x0000,0x5807,0xC830,0x0000,0x0000,0x0000,0x0000,0x0821,0x0821,0x1023,0x2044,0x0801,0x0801,
    0x0801,0x0000,0x0800,0x1822,0x1802,0x900E,0x586B,0x7130,0x08E6,0x0021,0x0062,0x1844,0x1843,0x0473,0x04B3,0x0145,
    0x0883,0x0126,0x0062,0x2003,0x1042,0x0000,0x8A6F,0x8B91,0x3969,0x1062,0x0862,0x2965,0x2986,0x0040,0x0800,0x4CB3,
    0x5FFF,0x7798,0x9FB6,0xC7B4,0x6FBC,0x8FBC,0x979B,0xC7FB,0x4AA9,0x0000,0x0000,0x6009,0xD034,0x802C,0xB051,0x682A,
    0x0801,0x0800,0x0000,0x3005,0x1002,0x0000,0x0000,0x0000,0x034F,0x05BC,0x03D4,0x0126,0x0D36,0x11A9,0x0000,0x0B70,
    0x112A,0x1843,0x2106,0x3188,0x5A6B,0x3A08,0x41C8,0x18C4,0x18C3,0x0041,0x0020,0x0000,0x0000,0x01CA,0x1084,0x2905,
    0x8350,0x8410,0x496A,0x38C7,0x4086,0x0000,0x0000,0x0020,0x0000,0x0000,0x0000,0x0841,0x0841,0x1883,0x0841,0x20E4,
    0x20C5,0x49EA,0xA4F3,0x3167,0x3125,0x6908,0x780E,0x0800,0x2864,0x6169,0x4148,0x728A,0x81AB,0x8811,0x4829,0x10A2,
    0x18A3,0x0841,0x0000,0x0861,0x20E4,0x00C3,0x61AE,0x69CE,0x3046,0x1883,0x3885,0x0800,0x0000,0x20A4,0x3126,0x1083,
    0x0000,0x1883,0x1883,0x0000,0x1021,0x0000,0x0000,0xD010,0x4005,0x0000,0xE852,0xC84F,0x0000,0x0000,0x2803,0x1001,
    0x0020,0x0801,0x0801,0x1001,0x1021,0x1802,0x2023,0x1822,0x2003,0x0801,0x5828,0x986F,0x1884,0x28E8,0x0906,0x00A4,
    0x08C5,0x0968,0x0BD0,0x0CB5,0x0536,0x0AEE,0x0062,0x10A4,0x20A5,0x3026,0x0842,0x0821,0x4804,0x3803,0x2002,0x1843,
    0x1022,0x1021,0x0841,0x0021,0x0800,0x5CB1,0x97FB,0x9F75,0xCFD4,0xEFB4,0x7FBC,0x979F,0x9F3E,0xAFFE,0x534C,0x0000,
    0x0000,0x6029,0x682A,0x5007,0x2803,0x0000,0x0000,0x0000,0x0000,0x2804,0x1002,0x0000,0x0000,0x034F,0x03B1,0x061C,
    0x022D,0x0229,0x08A4,0x0822,0x0021,0x2B91,0x390A,0x0883,0x2104,0x4A09,0x8C71,0x5AAC,0x20E5,0x18C3,0x0020,0x0020,
    0x0000,0x00A3,0x02EF,0x0989,0x20A4,0x20A4,0x9C53,0x8410,0x3928,0x514A,0x518C,0x512C,0x38A8,0x1023,0x0000,0x0000,
    0x0000,0x0020,0x0820,0x0020,0x0820,0x2105,0x2925,0x3948,0xAC52,0x41C8,0x3106,0x6928,0x9011,0x0801,0x0820,0x6189,
    0x826D,0x59EA,0x9A4B,0x4828,0xA816,0x0000,0x0861,0x0841,0x0020,0x18C3,0x20E3,0x0862,0xA1D1,0xD3DA,0xFA5C,0x688A,
    0x0020,0x0841,0x2083,0x38A6,0x20C4,0x0000,0x0000,0x28C4,0x0821,0x0800,0x1001,0x0000,0x1802,0xF833,0x980B,0x882A,
    0xA82D,0xA84D,0x0000,0x802A,0xB02E,0x0800,0x0000,0x0821,0x0821,0x0000,0x0000,0x1001,0x1822,0x1802,0x1803,0x1803,
    0x906C,0x68AC,0x1126,0x2948,0x0947,0x08E5,0x08C4,0x11C9,0x120A,0x0021,0x0041,0x1063,0x2845,0x4025,0x3044,0x18C4,
    0x0882,0x0801,0x892A,0xCA0D,0x4807,0x4026,0x3845,0x3044,0x3005,0x3004,0x2003,0x6CD0,0xB7F8,0xC794,0xF7D4,0xFFB6,
    0x8F1F,0x96FF,0x8E9E,0xA71F,0x63D0,0x0000,0x0000,0x2003,0x1001,0x2003,0x0000,0x0000,0x3805,0x2804,0x0000,0x2004,
    0x1001,0x0041,0x0453,0x02AC,0x05D7,0x0EDD,0x0863,0x0125,0x0041,0x08A4,0x0041,0x1BD1,0x312A,0x18C4,0x2925,0x41C7,
    0x5249,0x1062,0x10C3,0x10A3,0x0020,0x0000,0x0166,0x1371,0x1315,0x0000,0x1883,0x30E6,0xA494,0x5AAB,0x20E4,0x2124,
    0x3165,0x3966,0x4149,0x59AC,0x512B,0x3087,0x0822,0x0000,0x0000,0x0000,0x0000,0x20E4,0x2104,0x2084,0x7B0C,0x5A49,
    0x4126,0x8A0A,0x9010,0x1802,0x0020,0x30E5,0x69EB,0x4988,0x8ACA,0x6128,0xA015,0x2003,0x0000,0x0000,0x0000,0x0841,
    0x1061,0x0862,0x1062,0x3004,0x70AA,0x3085,0x0821,0x1883,0x3906,0x30E6,0x20C4,0x1041,0x1042,0x20C4,0x0000,0x0800,
    0x1001,0x0000,0x5006,0xA02C,0xD071,0xC850,0x1001,0xC82F,0xB04D,0xF874,0x5807,0x0000,0x1021,0x1021,0x0801,0x0000,
    0x0000,0x2003,0x1001,0x0000,0x1022,0x3805,0xA8CE,0x20A7,0x1106,0x1106,0x08C5,0x08C4,0x0863,0x10A6,0x0000,0x0000,
    0x0062,0x18E4,0x1084,0x10A3,0x0862,0x1082,0x2023,0x0000,0x3083,0x60E6,0x1002,0x0000,0x2803,0xA84E,0xA86E,0x4045,
    0x0000,0x7CF0,0xD7F5,0xEF94,0xFFF7,0xF7B5,0xA63E,0xADDF,0x957E,0xBD5F,0x8B93,0x0000,0x0000,0x0000,0x0000,0xB851,
    0x802C,0x0000,0xC012,0x5007,0x0000,0x3005,0x1000,0x03D0,0x028B,0x01C9,0x1419,0x41E9,0x18C4,0x0884,0x0021,0x0042,
    0x0041,0x3C32,0x2106,0x10A3,0x3166,0x4A07,0x9470,0x5A67,0x0841,0x0021,0x0041,0x01A9,0x19EA,0x2928,0x110A,0x0000,
    0x20A4,0x3947,0xACB2,0x5229,0x2925,0x18C3,0x2904,0x3164,0x3946,0x2925,0x2906,0x3928,0x412A,0x3908,0x1884,0x0000,
    0x0000,0x1883,0x18C3,0x1042,0x6AED,0x3987,0x1883,0x28C3,0x9852,0x2004,0x0020,0x3885,0x71CE,0x4988,0x8AA9,0x830A,
    0x8871,0x4829,0x0020,0x0821,0x0000,0x1084,0x1062,0x0020,0x0020,0x0040,0x0020,0x1042,0x0821,0x2083,0x2083,0x20C4,
    0x20C4,0x28E5,0x3106,0x0020,0x0000,0x0822,0x0800,0x0000,0x804A,0x6027,0x3804,0x2803,0x0000,0xC04F,0x7008,0xB82E,
    0x1001,0x0000,0x0800,0x1041,0x0821,0x2043,0x2023,0x0801,0x0820,0x0000,0x2004,0x7066,0xA10D,0x0042,0x20C6,0x10C5,
    0x00A4,0x0042,0x0042,0x1107,0x2965,0x5B0D,0x6B8E,0x6B8D,0x39A7,0x0021,0x0863,0x0041,0x804D,0x2023,0x0000,0x0000,
    0x0000,0x0000,0x1002,0x6028,0x6848,0x2823,0x0000,0x9D50,0xFFF5,0xF796,0xFFF8,0xE796,0xCCFE,0xCCDF,0xB43E,0xBC7F,
    0x9B96,0x0000,0x1001,0x3805,0x0000,0x984E,0xC032,0x880C,0xC853,0x5828,0x0000,0x1803,0x0842,0x0431,0x01A7,0x034E,
    0x0803,0x2947,0x1948,0x0822,0x1064,0x0020,0x18C4,0x430D,0x11E8,0x3167,0x49A5,0x63CC,0x7D52,0x6A89,0x18C3,0x0000,
    0x0187,0x00A3,0x08C5,0x29C9,0x1126,0x0000,0x20C4,0x3967,0xB4F3,0x4A08,0x20E4,0x1063,0x0842,0x1082,0x20A4,0x20C4,
    0x2905,0x18E4,0x20E4,0x2926,0x3147,0x20E5,0x0000,0x0821,0x0841,0x1883,0x834E,0x41E8,0x18A4,0x28C3,0x5008,0x4027,
    0x0040,0x2083,0x59CB,0x720D,0x5967,0xA36F,0x894F,0x600C,0x0040,0x1062,0x18C3,0x3986,0x20C4,0x18A4,0x1062,0x0000,
    0x0821,0x0821,0x1041,0x20C4,0x28C5,0x2905,0x18A4,0x1884,0x1863,0x526A,0x3186,0x0000,0x1021,0x0000,0xB04E,0x904B,
    0x3003,0x2002,0x1001,0x0000,0x6828,0x902B,0x0000,0x0000,0x0020,0x1041,0x0821,0x0821,0x1001,0x1821,0x3843,0x3004,
    0x1002,0xA08C,0x60AB,0x00A3,0x10A5,0x0022,0x1127,0x4AAC,0x528B,0x6B4E,0x5AEB,0x29A5,0x0841,0x20C3,0x62AB,0x0000,
    0x0021,0x0841,0x0821,0x0000,0x0000,0x0000,0x0000,0x1001,0x0000,0x0000,0x0000,0x0000,0x0000,0xBDF3,0xFFF8,0xF7B6,
    0xE7FA,0xC6FB,0xEC3E,0xF47F,0xE43E,0xEBFF,0xCBBA,0x0020,0x0800,0xC052,0x984E,0xA04F,0x3005,0xA00F,0x5007,0x702A,
    0x0000,0x0000,0x0020,0x0453,0x03F1,0x0104,0x0000,0x2948,0x41A9,0x0020,0x1864,0x0843,0x1083,0x5B54,0x498B,0x1946,
    0x11A8,0x6638,0x8594,0x4164,0x20E4,0x0021,0x00E5,0x0000,0x1148,0x29CB,0x1106,0x0000,0x20A4,0x5209,0xB4F3,0x41A8,
    0x18C4,0x1083,0x1863,0x1042,0x0841,0x0020,0x0841,0x1062,0x20C4,0x20E5,0x18E4,0x18C4,0x0841,0x0000,0x1061,0x18A3,
    0x5A8A,0x41A7,0x1883,0x28A2,0x802B,0x4007,0x0020,0x1021,0x1882,0x3146,0x1843,0x3104,0x892D,0x9012,0x0000,0x1040,
    0x2905,0x28E4,0x0861,0x2084,0x1883,0x0841,0x2084,0x0000,0x0841,0x1062,0x0841,0x1042,0x0822,0x1883,0x8350,0x8BD0,
    0x0841,0x0000,0x0000,0x0800,0x800A,0xA82C,0xB02D,0xB80E,0xC04F,0xA02B,0xE051,0x3023,0x0000,0x0820,0x1022,0x0000,
    0x0000,0x0000,0x0800,0x0000,0x0000,0x1803,0x3823,0xB870,0x1803,0x0000,0x0861,0x5249,0x738E,0x4248,0x10E3,0x0000,
    0x1001,0x2803,0x1802,0x2124,0x630C,0x0000,0x0000,0x0000,0x0000,0x0000,0x0000,0x0000,0x0000,0x2803,0x1802,0x1802,
    0x0800,0x0821,0x0862,0xD696,0xFFF8,0xE777,0xC71C,0xC59E,0x0001,0xFD1F,0xFCFD,0xFC9E,0xEC3D,0x18A3,0x0000,0x702A,
    0xB851,0x802B,0x0000,0x1001,0x802B,0xA830,0x0000,0x0000,0x0229,0x065C,0x028C,0x0062,0x0021,0x28E6,0x39E9,0x0082,
    0x0843,0x1003,0x01A6,0x5459,0x228F,0x322B,0x52ED,0xA617,0x93EE,0x3144,0x1082,0x0841,0x1083,0x0000,0x1947,0x19EA,
    0x08A4,0x0000,0x20C4,0x628A,0xAC72,0x3146,0x18C4,0x1063,0x1083,0x08A3,0x0821,0x0841,0x0020,0x0082,0x0000,0x0841,
    0x1082,0x18A4,0x1082,0x0000,0x1082,0x2946,0x838E,0x62CB,0x51A8,0x61C7,0x680A,0x2803,0x0000,0x0820,0x3926,0x8330,
    0x4948,0x2063,0x2002,0xA854,0x2004,0x0000,0x1883,0x1042,0x1062,0x1883,0x1082,0x1882,0x2884,0x0000,0x1883,0x1884,
    0x3105,0x49C8,0x39C7,0x62CD,0xDC97,0x4A49,0x0000,0x2925,0x10E3,0x2803,0x984B,0x8849,0x7849,0x6828,0x7028,0x7809,
    0x7809,0x0000,0x0000,0x0000,0x3105,0x4228,0x2925,0x0000,0x1001,0x0000,0x0000,0x1002,0x7887,0x986B,0x00A5,0x528D,
    0x6B4D,0x3A27,0x0020,0x2002,0x4005,0x7009,0x882A,0x5025,0x1802,0x0861,0xA514,0x38A5,0x2064,0x18C4,0x2884,0x2844,
    0x2824,0x2002,0x1801,0x0000,0x0040,0x0020,0x0042,0x0000,0x10A2,0xE739,0xF7DC,0xE6DE,0xF5FF,0x0001,0x0001,0xFE1B,
    0xF5D9,0xF5B8,0xFDFB,0x3987,0x0000,0x2003,0x982E,0x2803,0x984E,0xC072,0xB051,0x5028,0x0000,0x01E9,0x047A,0x03F3,
    0x026B,0x0821,0x08A4,0x18C4,0x2A2A,0x08C4,0x0020,0x0000,0x13F0,0x35FA,0x2208,0x28C2,0x2082,0x1882,0x20A3,0x1041,
    0x0820,0x0841,0x1062,0x0021,0x21A8,0x29CA,0x0841,0x0821,0x28E4,0x72CB,0x9C11,0x2905,0x18C4,0x1862,0x08E4,0x04F4,
    0x0883,0x0800,0x028B,0x03F0,0x0000,0x0021,0x0000,0x0000,0x0821,0x0000,0x0841,0x20C3,0x62AC,0x4A6B,0x5987,0x7188,
    0x600A,0x0000,0x0000,0x18A2,0x4989,0x72F0,0x3146,0x4107,0x5027,0x5829,0x4007,0x0000,0x0000,0x0020,0x0020,0x0820,
    0x0020,0x2085,0x1042,0x0000,0x3947,0x49E9,0x41E8,0x2945,0x08A2,0x8AAE,0xC4D6,0x1903,0x0020,0x738E,0x52AA,0x1001,
    0x6848,0x7048,0x8049,0xA06B,0xA82C,0xB82D,0x4804,0x0000,0x2904,0x6B0C,0x528A,0x31A6,0x528A,0x6ACD,0x20A4,0x0800,
    0x1001,0x0800,0x980A,0x9250,0x73EF,0x3A28,0x0020,0x3804,0xA02C,0xE072,0xE852,0xC82F,0x880B,0x5006,0x2823,0x0000,
    0x9CB2,0xBCF5,0x20C5,0x10C4,0x2844,0x3805,0x4847,0x58C8,0x71CC,0x7A4B,0x726D,0x5A2B,0x594C,0x5809,0x5148,0xEF5D,
    0xFE9F,0xF6BE,0xFEDF,0x0001,0x0001,0xF716,0xFF16,0xF6B6,0xFF38,0x5AC9,0x0000,0x0000,0xA850,0xD053,0x6829,0x1001,
    0x2804,0x0000,0x0000,0x0578,0x024F,0x01A7,0x024B,0x0166,0x0926,0x18E5,0x424A,0x08A3,0x0000,0x0020,0x3C74,0x3126,
    0x0800,0x1883,0x20E5,0x524A,0x3167,0x0020,0x0000,0x0841,0x0821,0x0062,0x29C9,0x19CA,0x0021,0x0861,0x2905,0x836E,
    0x83AF,0x28E4,0x18A3,0x1863,0x08A3,0x077E,0x036E,0x0000,0x071C,0x0575,0x0000,0x0000,0x00A2,0x0020,0x0000,0x0000,
    0x0820,0x18A3,0x5A6B,0x522A,0x7229,0x5907,0x4808,0x0000,0x1041,0x20C3,0x39C8,0x72EE,0x3106,0x30A6,0x5809,0x882E,
    0x4007,0x0000,0x0821,0x0821,0x0000,0x0000,0x0000,0x0801,0x0841,0x4A09,0x49E8,0x1082,0x0000,0x0000,0x3084,0xDBF5,
    0x6B6D,0x0000,0x4208,0x4A69,0x41E8,0x0000,0x0000,0x0000,0x0000,0x0000,0x0000,0x2002,0x4967,0x5ACB,0x5ACB,0x10E2,
    0x0000,0x0000,0x0000,0x2145,0x732D,0x5A8A,0x5ACB,0x69E9,0xC2F2,0x5ACC,0x0060,0x2002,0xB04E,0xF895,0xF895,0xF893,
    0xF852,0xE851,0xB82E,0x800B,0x6828,0x0000,0x0861,0xCE79,0x4269,0x0083,0x1166,0x3207,0x3228,0x21E6,0x19A5,0x08A1,
    0x4806,0x4006,0x3004,0x1802,0x4208,0xF7DF,0xF71E,0xFEDE,0xF59E,0x0001,0x0001,0xFFB5,0xFFD4,0xF793,0xFFF6,0x8C4D,
    0x0000,0x0000,0x3805,0x0801,0x0000,0x0000,0x4007,0x1000,0x01E7,0x0D9B,0x0062,0x00A3,0x0989,0x0146,0x0969,0x10A4,
    0x21C8,0x10A3,0x0000,0x0104,0x422D,0x0800,0x20C5,0x2906,0x3146,0x41C8,0x3146,0x1883,0x0000,0x0842,0x0021,0x00A3,
    0x29E9,0x19A9,0x0000,0x1082,0x3125,0x93AF,0x72CC,0x20E4,0x10A2,0x1862,0x1126,0x06FC,0x0659,0x0493,0x067A,0x0535,
    0x0000,0x03CF,0x0451,0x0000,0x0020,0x0000,0x0000,0x0841,0x28E4,0x3967,0x59C6,0x5027,0x2803,0x0000,0x1041,0x18A3,
    0x41A8,0x734F,0x3927,0x4066,0x700A,0x984F,0x5009,0x1082,0x28C5,0x59E9,0x62CB,0x39E9,0x20C5,0x3166,0x52AA,0x2124,
    0x0000,0x0000,0x0000,0x0020,0xB1CF,0xDBF5,0x31A6,0x0862,0x6B2D,0x2945,0x6B4D,0x2905,0x20A4,0x0000,0x0000,0x2925,
    0x5229,0x52AA,0x3A27,0x08A1,0x0800,0x5807,0xB04E,0x982C,0x6007,0x2002,0x0000,0x0841,0x0040,0x4A08,0x2985,0x0000,
    0x802A,0xF093,0xF894,0xF073,0xF073,0xF893,0xF092,0xF872,0xE832,0x6027,0x0000,0x0000,0x9492,0xD6DB,0x336E,0x1A69,
    0x21C7,0x10C3,0x0020,0x0800,0x0800,0x0000,0x1803,0x2003,0x2003,0x0800,0x4AEB,0xDFFF,0xEF1E,0xFDFF,0xF45E,0x0001,
    0x0001,0xEFB6,0xF7F7,0xEF95,0xFFF6,0xB5D1,0x0801,0x0801,0x0000,0x1001,0x0000,0x0000,0x3005,0x08A3,0x04DA,0x0B15,
    0x0000,0x0041,0x0947,0x030C,0x0188,0x1106,0x31A8,0x2126,0x0000,0x0904,0x318B,0x2826,0x18C4,0x18E4,0x3146,0x39A8,
    0x3126,0x18A3,0x0000,0x0862,0x0000,0x10E4,0x31C9,0x1147,0x0000,0x10A3,0x3125,0xA3F1,0x6AAC,0x28E5,0x18A3,0x1862,
    0x09C8,0x0535,0x0492,0x07BE,0x00E4,0x05B7,0x05D7,0x07FF,0x028A,0x0000,0x0020,0x0000,0x0000,0x0000,0x0020,0x1842,
    0x1001,0x1802,0x0000,0x0000,0x0841,0x18C3,0x5229,0x7B2C,0x28E6,0x4866,0x986E,0x9070,0x5009,0x0020,0x20C4,0x3146,
    0x4A28,0x4A6B,0x836F,0x734E,0x0881,0x0000,0x28C4,0x2105,0x0000,0x6808,0xD9B3,0x91CD,0x0000,0x18A2,0x10C2,0x0020,
    0x4208,0x4A49,0x6B2D,0x20C3,0x62CC,0x528A,0x1924,0x0040,0x1801,0x880A,0xE872,0xF894,0xF893,0xE852,0xD871,0xC04F,
    0x5005,0x0000,0x0000,0x0000,0x1801,0xC04F,0xF895,0xF893,0xF093,0xF893,0xF894,0xF893,0xF893,0xF873,0x7829,0x0000,
    0x0861,0xAD75,0xB5B6,0x2124,0x0020,0x0000,0x0000,0x1001,0x5007,0x680A,0x3004,0x0000,0x2803,0x3805,0x2824,0x0800,
    0x73EF,0xF7FF,0xEF7E,0xFEDC,0xF55A,0x0001,0x0001,0xCFB6,0xDFF9,0xC797,0xC7D6,0xAEF2,0x6089,0xA00E,0x1001,0x1802,
    0x1002,0x0000,0x0800,0x04B5,0x03BC,0x00E9,0x0021,0x0000,0x0125,0x0B2E,0x1167,0x10C5,0x31A7,0x29A7,0x0021,0x0020,
    0x29EF,0x492C,0x1082,0x18C5,0x3166,0x39A7,0x3146,0x1883,0x0020,0x0861,0x0000,0x2105,0x31A8,0x0905,0x0021,0x2904,
    0x41A6,0x83AF,0x41C8,0x20C5,0x18A4,0x1842,0x09C8,0x0515,0x00A3,0x0A49,0x0000,0x0596,0x0472,0x05B7,0x00E3,0x0800,
    0x0000,0x0841,0x0020,0x0000,0x0000,0x0000,0x0000,0x0000,0x0000,0x0000,0x0800,0x18A3,0x49E9,0x72EC,0x3A09,0x4846,
    0xB051,0x800F,0x4047,0x0000,0x1041,0x1883,0x0841,0x4209,0x4208,0x0000,0x1001,0x892C,0x8A2E,0x0881,0x1801,0xF053,
    0xA8CE,0x0820,0x0000,0x0000,0x2803,0x5006,0x0000,0x0000,0x10A2,0x9C92,0x39E7,0x0000,0x2802,0x982C,0xF093,0xF894,
    0xF873,0xF073,0xF873,0xF873,0xF893,0xF874,0xF893,0x3804,0x0000,0x4025,0xE092,0xF894,0xF093,0xF093,0xF894,0xF893,
    0xA84C,0xE872,0xF874,0x5827,0x0000,0x0861,0xB5B6,0xDEDB,0x3186,0x0000,0x2803,0x0000,0x5008,0x780C,0xA02F,0x5808,
    0x3805,0x0000,0x0801,0x1802,0x3005,0x0801,0xA534,0xFFFF,0xEFB9,0xFFB6,0xFE94,0x0001,0x0001,0x0001,0xBFFC,0xAF79,
    0xA798,0x97D7,0xA231,0xE814,0x2003,0x0000,0x0801,0x0000,0x036D,0x069D,0x0152,0x0231,0x0127,0x0000,0x1146,0x5334,
    0x2885,0x10E4,0x3167,0x3A08,0x0863,0x0000,0x214B,0x49F0,0x1082,0x20C5,0x3167,0x41E8,0x3166,0x18A3,0x0020,0x0862,
    0x0000,0x3127,0x320B,0x1147,0x1883,0x20E3,0x1082,0x526A,0x520A,0x20C4,0x18C4,0x1822,0x0A09,0x06DB,0x0186,0x0000,
    0x0000,0x0000,0x0228,0x0596,0x0800,0x0841,0x0000,0x1082,0x0020,0x0000,0x0000,0x0000,0x0000,0x0000,0x0000,0x0000,
    0x2104,0x524A,0x630C,0x528A,0x5ACB,0x622B,0x800D,0x696B,0x522A,0x52AA,0x0841,0x0821,0x20C3,0x4A29,0x0000,0x0000,
    0x4847,0xC971,0x3906,0x0000,0x900B,0xE853,0x4825,0x2002,0x0000,0x4846,0xA82E,0xE853,0x902B,0x3004,0x0000,0x18E3,
    0x0000,0x6028,0xF073,0xF895,0xF893,0xF093,0xF093,0xF073,0xF873,0xF873,0xF873,0xF092,0xF894,0x7029,0x1802,0xE872,
    0xF894,0xF093,0xF893,0xF894,0xC04E,0x3003,0x4025,0xF053,0x5006,0x0000,0x0841,0xB596,0x9492,0x10A2,0x0000,0x0000,
    0x680A,0x680A,0x982F,0x800C,0x882D,0x5808,0x4807,0x0000,0x0000,0x0000,0x1001,0x1001,0xAE17,0xC7FC,0xD795,0xFFF7,
    0x0001,0x0001,0x0001,0x0001,0x979F,0xA6DE,0xA6DE,0x77FF,0x9BB6,0xC010,0x2023,0x0801,0x0800,0x0186,0x069D,0x0396,
    0x02B3,0x124C,0x10C5,0x0000,0x10E3,0x64FC,0x28E9,0x1883,0x3167,0x4AAA,0x10E4,0x0000,0x0105,0x3AB2,0x2083,0x18A5,
    0x2946,0x4208,0x3187,0x18A3,0x0821,0x0862,0x0021,0x39A9,0x2988,0x0062,0x0000,0x0000,0x0000,0x0000,0x51C9,0x4167,
    0x3946,0x28A4,0x0966,0x05B6,0x071C,0x06DC,0x0555,0x01A6,0x0535,0x03AF,0x0800,0x0841,0x0000,0x20A3,0x0020,0x0000,
    0x0000,0x0861,0x2966,0x4208,0x4A49,0x5269,0x4A28,0x3104,0x10E3,0x00E3,0x0000,0x626B,0x794C,0x1903,0x0000,0x2945,
    0x5ACB,0x0000,0x2965,0x2965,0x0000,0x0000,0x0000,0x0800,0x0000,0x2803,0xF853,0x880A,0x5006,0x1001,0x1802,0xE872,
    0xF873,0xF873,0xF854,0x5007,0x0000,0x1802,0xA04D,0xF895,0xF893,0xF073,0xF893,0xF893,0xF894,0xF894,0xF873,0xF873,
    0xF873,0xF073,0xF894,0x7849,0xB04E,0xF895,0xF093,0xF894,0xF893,0x804A,0x0000,0x0000,0xA84E,0x7829,0x0000,0x0000,
    0x9CB3,0x8430,0x0000,0x0000,0x0000,0x0000,0x5008,0xE056,0xC032,0x700B,0x6009,0x1001,0x1002,0x0000,0x0000,0x5007,
    0x1802,0x0000,0x7DB6,0x8FFB,0xAF96,0xBFB5,0x0001,0x0001,0x0001,0x0001,0x8E7E,0x9DFF,0xA55E,0x85BF,0x8C99,0xE873,
    0x882A,0x3805,0x0000,0x0A4A,0x0DFC,0x036F,0x0082,0x18E3,0x10E4,0x0000,0x0840,0x9C99,0x218C,0x18C3,0x41E9,0x6B4D,
    0x18A3,0x0000,0x0062,0x2AF2,0x20A5,0x1883,0x2926,0x41C8,0x39A7,0x18C3,0x0841,0x18A4,0x10A3,0x10A3,0x0020,0x00A2,
    0x0104,0x0145,0x0020,0x0000,0x0820,0x1883,0x28E5,0x3927,0x28A5,0x0800,0x00A3,0x026A,0x0514,0x06FC,0x079E,0x0166,
    0x0800,0x0841,0x0841,0x28E5,0x0000,0x0000,0x4A49,0x4228,0x3165,0x2904,0x18E3,0x0104,0x00C3,0x0431,0x0576,0x0208,
    0x0000,0x3186,0x2965,0x0000,0x3024,0x0000,0x4A69,0x3186,0x5ACB,0x3165,0x0000,0x0000,0x48E7,0x3105,0x0000,0xA84D,
    0xF073,0x7809,0x7009,0x0000,0x782A,0xF874,0xF073,0xF073,0xF854,0x6007,0x0000,0x2823,0x7029,0xE872,0xF893,0xF893,
    0xF893,0xF093,0xA84D,0x5826,0x2803,0xD070,0xF873,0xF873,0xE872,0xB04E,0xF874,0xF093,0xF894,0xF073,0x4005,0x0000,
    0x0000,0x2002,0x5006,0x0000,0x0000,0x8410,0x8BF0,0x0000,0x0000,0x0000,0x0000,0x0000,0x4006,0xA02F,0x4807,0x1802,
    0x1001,0x0000,0x2003,0x0000,0x5008,0xC052,0x700A,0x1042,0xB6D7,0xA7DB,0x979B,0x9777,0x0001,0x0001,0x0001,0x0001,
    0x94DE,0xACFF,0xA41E,0x93DF,0x941C,0xD152,0xF892,0xC031,0x6008,0x2988,0x33F3,0x0000,0x1062,0x29C8,0x21A7,0x0000,
    0x0000,0x8416,0x3A72,0x2944,0x20E3,0x2904,0x20C3,0x0000,0x0000,0x1A90,0x3107,0x1883,0x3126,0x41E8,0x39C8,0x1083,
    0x0842,0x1883,0x0000,0x0000,0x030D,0x038E,0x0229,0x00C2,0x0000,0x0000,0x0000,0x0000,0x0000,0x20E4,0x49E9,0x4A6B,
    0x39C9,0x1883,0x0000,0x0082,0x0228,0x0882,0x1042,0x0841,0x1883,0x2083,0x10A2,0x73AE,0x3186,0x0000,0x0125,0x028A,
    0x0555,0x05F7,0x075E,0x077E,0x028A,0x0000,0x0000,0x0000,0x0000,0x5827,0x6008,0x0000,0x1082,0x8C51,0x3166,0x0000,
    0x0000,0x1822,0xA10F,0x1842,0x2803,0xF834,0xA82D,0xA80D,0x2002,0x0800,0xD851,0xF873,0xF073,0xF073,0xF894,0x6828,
    0x0000,0x1001,0xA82D,0xF874,0xF093,0xF893,0xF873,0x5026,0x0000,0x0000,0x5026,0xF873,0xF093,0xF893,0xC02F,0xE852,
    0xF873,0xF893,0xF073,0x3804,0x0000,0x0000,0x0000,0x0000,0x0000,0x0000,0x0000,0x2965,0x528A,0x8410,0x7BEF,0x0000,
    0x0000,0x0000,0x0800,0x2003,0x2803,0x1001,0x0000,0x6009,0xA830,0x900D,0xB812,0xB031,0x800C,0x3146,0xEFB9,0xC7BA,
    0xA7FB,0x8759,0x0001,0x0001,0x0001,0x0001,0x0001,0xCD3F,0xCC1E,0xCBDE,0xC3DF,0xBA34,0xF874,0xF076,0x3004,0x30A7,
    0x48EA,0x0146,0x10C5,0x20E5,0x31C8,0x08A3,0x0000,0x63F3,0x32F0,0x0820,0x0842,0x3987,0x4188,0x0842,0x0000,0x220E,
    0x416C,0x20A3,0x2906,0x39A7,0x2925,0x0821,0x0841,0x1000,0x0082,0x02AA,0x069A,0x0472,0x01C7,0x0000,0x0000,0x0020,
    0x2145,0x4228,0x52AA,0x528A,0x4208,0x4228,0x52AA,0x636D,0x5B2D,0x39A7,0x0000,0x0841,0x1082,0x0861,0x1842,0x30E5,
    0x73AE,0x20E3,0x0061,0x0451,0x069A,0x07BF,0x07FF,0x07FF,0x06BB,0x00E4,0x00C3,0x0041,0x0000,0x0800,0x0000,0xC02F,
    0x6008,0x0000,0x0841,0x18C3,0x0000,0x4806,0x1802,0x0000,0x2002,0x0000,0xA82D,0xF854,0xD851,0x882B,0x0000,0x5007,
    0xF875,0xF073,0xF073,0xF073,0xF8B5,0x784A,0x0000,0x2002,0xE872,0xF894,0xF073,0xF893,0xF093,0x2003,0x0000,0x3004,
    0xF093,0xF893,0xF893,0xD891,0xB04E,0xF854,0xF073,0xF893,0xE071,0x984C,0xA84D,0xB04E,0x902B,0x902B,0x882A,0x7029,
    0x3003,0x0000,0x0000,0x2945,0x9CD3,0x4228,0x3186,0x0000,0x0801,0x882E,0xB031,0x6009,0x800C,0xC012,0xA810,0xA00F,
    0x780B,0x5828,0x1001,0x5AAA,0xFFFD,0xEFB7,0xCFF9,0x0001,0x0001,0x0001,0x0001,0x0001,0x0001,0xD5FD,0xE53D,0xF4FC,
    0xFD3E,0xBB77,0xE815,0xC051,0x0000,0x2865,0x516D,0x08A4,0x1063,0x2127,0x4208,0x10A3,0x0000,0x5A8F,0x3085,0x1822,
    0x2906,0x20E4,0x28E5,0x18A4,0x0000,0x1148,0x418D,0x1041,0x1062,0x1042,0x28E3,0x1062,0x0000,0x0000,0x01E8,0x06DB,
    0x073C,0x032C,0x00E3,0x18A2,0x73AE,0x528A,0x41C7,0x20A2,0x0800,0x0000,0x0082,0x0000,0x0000,0x0000,0x2924,0x4A49,
    0x6B4E,0x3187,0x1883,0x0840,0x4107,0x83F0,0x1061,0x0186,0x069A,0x07FF,0x07DF,0x07BF,0x079E,0x07BF,0x06BA,0x028A,
    0x0061,0x0000,0x3805,0x982C,0x5006,0xE873,0x5026,0x0000,0x0000,0x0801,0x782A,0xF054,0x3004,0x0000,0x0000,0x3004,
    0xF874,0xF873,0xE852,0x2803,0x0000,0xB82F,0xF874,0xF073,0xF873,0xE872,0xF893,0x784A,0x0000,0x3803,0x882A,0xA86D,
    0xF894,0xF874,0xD871,0x0000,0x2002,0xE072,0xF894,0xF893,0xF873,0x5807,0xD850,0xF873,0xF873,0xF873,0xF893,0xF894,
    0xF894,0xF874,0xF873,0xF072,0xF8B3,0xF894,0xF073,0xA86D,0x1021,0x0000,0x18C3,0x9492,0x5ACB,0x39E7,0x0801,0x982F,
    0xB011,0xB011,0xC013,0x780B,0x4807,0x1802,0x0000,0x0000,0x0000,0x8BF0,0xFF3D,0xF778,0xEFD6,0x0001,0x0001,0x0001,
    0x0001,0x0001,0x0001,0xF6F8,0xFF39,0xF6D8,0xFED8,0xD5F7,0xE0D6,0xA84F,0x0000,0x0103,0x62F3,0x1023,0x0041,0x2126,
    0x4229,0x2126,0x0000,0x40A8,0x784D,0x684B,0x18A3,0x18C4,0x20E5,0x2925,0x0841,0x0041,0x1949,0x1823,0x1843,0x3084,
    0x28A4,0x0841,0x0000,0x0000,0x0555,0x07FF,0x077D,0x0514,0x0061,0x1862,0x20A2,0x0000,0x0124,0x02EB,0x04B3,0x05F7,
    0x0595,0x032D,0x0208,0x0124,0x0000,0x0000,0x2124,0x6B0D,0x2905,0x2105,0x8410,0x1882,0x0186,0x077D,0x07FF,0x07BE,
    0x079E,0x079E,0x07BF,0x079E,0x07FF,0x0555,0x0020,0x0000,0x6028,0xF896,0xB04E,0xF074,0x6028,0x2003,0x0000,0x804A,
    0xF896,0xF874,0x3805,0x0000,0x0000,0x902C,0xF875,0xF874,0xA82D,0x3003,0x3003,0xF093,0xF873,0xF073,0xF894,0xD891,
    0xE051,0x882B,0x0000,0x1001,0x0000,0xB04E,0xF894,0xF894,0xA82D,0x1001,0xD871,0xF894,0xF093,0xF894,0x6027,0x0000,
    0xD04F,0xF893,0xF072,0xF073,0xF093,0xF093,0xF092,0xF073,0xF073,0xF093,0xF093,0xF093,0xF893,0xF8B6,0xB04E,0x0000,
    0x0000,0x528A,0x0000,0x52AA,0x0821,0x982F,0x880D,0x6009,0x1802,0x1001,0x1002,0x0000,0x0000,0x0000,0x0020,0xC498,
    0xFD9E,0xFEDA,0xFF75,0x0001,0x0001,0x0001,0x0001,0x0001,0x0001,0xFF97,0xFFF8,0xDFB7,0xDFB8,0xD7F7,0xD276,0x800D,
    0x0020,0x0000,0x42D1,0x310A,0x0022,0x20C5,0x41C9,0x39E9,0x0000,0x0801,0x702F,0xC818,0x2023,0x1884,0x20E4,0x2904,
    0x1883,0x0000,0x1043,0x508A,0x4026,0x2063,0x0000,0x0020,0x0000,0x0186,0x07BE,0x07FF,0x067A,0x0145,0x0000,0x0104,
    0x036E,0x0639,0x07DF,0x07FF,0x07FF,0x07FF,0x07BE,0x07FF,0x07FF,0x06FB,0x0535,0x0269,0x0000,0x0861,0x526A,0x73AF,
    0x18A2,0x0186,0x079E,0x07DF,0x079E,0x079E,0x07FF,0x07FF,0x079E,0x07FF,0x0555,0x0104,0x0000,0x0000,0x7829,0xF855,
    0xF093,0xE8B3,0x6007,0x1801,0x0801,0xD851,0xF874,0xF895,0x4826,0x0000,0x1802,0xE052,0xF874,0xE872,0xB02F,0x2803,
    0x8029,0xF874,0xF073,0xF873,0xF874,0xE872,0xF053,0x982C,0x0000,0x0000,0x0801,0xD851,0xF873,0xF894,0x982C,0xC06F,
    0xF894,0xF093,0xF894,0x7029,0x0000,0x0800,0xB84F,0xF895,0xF894,0xF894,0xF874,0xF894,0xF894,0xF894,0xF894,0xF072,
    0xF072,0xF893,0xF893,0xF093,0xF894,0x3824,0x0000,0x4A29,0x7BCF,0x2144,0x0000,0x5829,0x0801,0x2803,0x5008,0x982F,
    0x4006,0x0000,0x0000,0x0000,0x18E3,0xE47D,0xFC5F,0xFDDE,0xF679,0x0001,0x0001,0x0001,0x0001,0x0001,0x0001,0x0001,
    0xE7D7,0xD7B6,0xBF79,0xC7FA,0xC4F6,0x800D,0x0041,0x0000,0x392A,0x59F2,0x0043,0x18A4,0x2966,0x4269,0x0862,0x0000,
    0x0800,0x9812,0xA031,0x1863,0x20A4,0x20E4,0x28C5,0x0000,0x0000,0x0000,0x1002,0x0000,0x0000,0x034D,0x00C3,0x0576,
    0x07FF,0x073D,0x03AE,0x0289,0x04F3,0x079E,0x07FF,0x07FF,0x07DF,0x075D,0x073D,0x07BF,0x07BF,0x07BF,0x07BF,0x07DF,
    0x079E,0x073C,0x0228,0x0000,0x18E3,0x2124,0x00C3,0x071C,0x07FF,0x079E,0x07BE,0x07FF,0x06DB,0x0514,0x07DF,0x03AF,
    0x0020,0x0000,0x0000,0x0000,0x882B,0xF875,0xF874,0xE072,0x6008,0x0000,0x6048,0xF895,0xF073,0xF895,0x6828,0x0000,
    0x6828,0xF875,0xF073,0xF053,0x980C,0x1001,0xE072,0xF873,0xF874,0xD070,0xE052,0xF873,0xF874,0x982C,0x0000,0x0800,
    0x4025,0xF073,0xF873,0xF893,0xF073,0xF873,0xF894,0xF894,0x6828,0x0000,0x0000,0x2002,0x7009,0x6828,0x984B,0xA04B,
    0x984B,0xB04D,0xB84D,0xC06F,0xC86F,0xF073,0xF893,0xF893,0xF893,0xF893,0xF093,0x3024,0x0000,0x4208,0x528A,0x0000,
    0x0000,0x2804,0x680A,0x982E,0xB012,0x880D,0x5008,0x0000,0x0000,0x0000,0x49C9,0xD45F,0xDC1E,0xFC9F,0x0001,0x0001,
    0x0001,0x0001,0x0001,0x0001,0x0001,0x0001,0xA7B7,0xB7F8,0x9F9A,0xAFDA,0xDF39,0x68CB,0x0000,0x0000,0x18A4,0x7295,
    0x0883,0x18A4,0x2926,0x3A08,0x18C4,0x0000,0x0000,0x1002,0xE038,0x5828,0x1843,0x18A3,0x20E5,0x1883,0x0000,0x1082,
    0x0000,0x0000,0x0020,0x00C3,0x0208,0x07DF,0x07DF,0x073C,0x06DB,0x07BF,0x07FF,0x07DF,0x079E,0x07BE,0x07BF,0x079E,
    0x079E,0x07BE,0x07BE,0x07BE,0x07BF,0x07BF,0x07BF,0x07FF,0x071C,0x00C3,0x0000,0x0000,0x0659,0x07FF,0x079E,0x079E,
    0x07DF,0x067A,0x00E3,0x03CF,0x034D,0x0000,0x0020,0x0000,0x0000,0x0000,0xA04D,0xF895,0xF873,0xD871,0x7008,0x0000,
    0xC850,0xF894,0xF073,0xF895,0x7029,0x0000,0xC04F,0xF874,0xF873,0xF874,0x2803,0x5027,0xF875,0xF073,0xF874,0x7029,
    0xD871,0xF873,0xF874,0xC06F,0x904B,0x882B,0x6828,0xF874,0xF073,0xF873,0xF893,0xF873,0xE872,0x4025,0x0000,0x0000,
    0x0000,0x0000,0x0000,0x0000,0x0000,0x0000,0x0000,0x0000,0x0000,0x0000,0x902B,0xF873,0xF893,0xF893,0xF093,0xF8B5,
    0xC04F,0x0000,0x0000,0x526A,0x0882,0x0000,0x0801,0x802C,0x4807,0xA831,0x5008,0x4807,0x982F,0x0000,0x0000,0x0000,
    0x7AD1,0xB3DF,0xA3FF,0xC43E,0x0001,0x0001,0x0001,0x0001,0x0001,0x0001,0x0001,0x0001,0x8FBB,0x97FC,0x9F9A,0xB798,
    0xD7FB,0x632C,0x0000,0x0000,0x0020,0x81D3,0x3067,0x0883,0x2907,0x31A7,0x1082,0x0000,0x0000,0x0000,0x4807,0xB832,
    0x3967,0x41C8,0x18C4,0x0821,0x3186,0x630C,0x2104,0x0000,0x0000,0x0000,0x04D3,0x07FF,0x077E,0x07DF,0x079E,0x0679,
    0x077D,0x07BF,0x07BF,0x07BF,0x07BF,0x07FF,0x07FF,0x07FF,0x07FF,0x07FF,0x07BF,0x07BF,0x07BF,0x079E,0x07FF,0x034D,
    0x0000,0x0492,0x07FF,0x079E,0x079E,0x07FF,0x0618,0x00C3,0x0000,0x01E8,0x0000,0x0000,0x0000,0x0000,0x0082,0x0000,
    0xB04E,0xF874,0xF894,0xD871,0x3804,0x4826,0xF874,0xF073,0xF073,0xF875,0x7809,0x2002,0xF874,0xF873,0xE872,0xB02E,
    0x0800,0xB84F,0xF874,0xF874,0xC850,0x1001,0xE072,0xF873,0xF073,0xF894,0xF8B5,0xC04F,0xB02E,0xF874,0xF073,0xF873,
    0xF073,0xF873,0xD871,0x7029,0x3003,0x0000,0x0000,0x0000,0x0000,0x0000,0x0000,0x0000,0x0000,0x0000,0x3004,0xC870,
    0xF894,0xF873,0xF093,0xF893,0xF8B4,0xD070,0x3004,0x0000,0x18C3,0x736E,0x1802,0x0801,0x1002,0x900E,0xA00F,0x900E,
    0x0000,0x3805,0x0801,0x0000,0x0000,0x0840,0x8C79,0x8C7F,0x9C5F,0x9C1E,0x0001,0x0001,0x0001,0x0001,0x0001,0x0001,
    0x0001,0x0001,0x0001,0x9FBB,0xAF98,0xAF97,0xC75B,0xB538,0x0021,0x0000,0x0000,0x518F,0x686D,0x0842,0x1062,0x20E4,
    0x3947,0x0020,0x0000,0x0000,0x4A49,0x620B,0x10A2,0x8411,0x1863,0x2966,0x6B4D,0x0000,0x0020,0x0000,0x0000,0x00E3,
    0x075D,0x07DF,0x07DF,0x07BF,0x06DB,0x071C,0x07DF,0x07BF,0x07BF,0x07BE,0x07DF,0x0596,0x034D,0x030C,0x0451,0x0659,
    0x07DF,0x07BE,0x07BF,0x079E,0x07FF,0x0492,0x0165,0x07FF,0x07BF,0x079E,0x07FF,0x067A,0x00A2,0x0000,0x0020,0x0000,
    0x0000,0x0020,0x026A,0x0618,0x0430,0x0041,0xC850,0xF894,0xF894,0xC870,0x3003,0xA84D,0xF874,0xF073,0xF073,0xF895,
    0x782A,0x7029,0xF875,0xF073,0xE051,0x800A,0x3024,0xF894,0xF073,0xF874,0x982C,0x804A,0xF873,0xF873,0xF873,0xF073,
    0xF895,0xB84E,0xB84E,0xF874,0xF073,0xF073,0xF073,0xF073,0xF893,0xF895,0xF072,0xA02C,0x6808,0x2803,0x0000,0x0000,
    0x0000,0x0000,0x0000,0x7029,0xF073,0xF894,0xF093,0xF093,0xF894,0xF873,0xB04E,0x3003,0x0000,0x1061,0x8C31,0x1903,
    0x3806,0x3005,0x0000,0x4807,0x680A,0x1802,0x2003,0x5828,0x5808,0x782C,0x0000,0x2945,0x86BE,0x5DDF,0x74FF,0x0001,
    0x0001,0x0001,0x0001,0x0001,0x0001,0x0001,0x0001,0x0001,0x0001,0xA799,0xAFF9,0xAF98,0xAEBC,0xD55F,0x49A9,0x0000,
    0x0000,0x312A,0x60CE,0x0000,0x1063,0x20A5,0x2063,0x0000,0x0000,0x8430,0x4A49,0x0000,0x0000,0x2103,0x738E,0x6B6E,
    0x0840,0x0061,0x0020,0x0000,0x0000,0x02AA,0x07FF,0x079E,0x069A,0x07DF,0x07DF,0x07BE,0x075D,0x07DF,0x07BF,0x079E,
    0x07FF,0x02AA,0x0000,0x0000,0x00A2,0x0228,0x0618,0x07FF,0x07BE,0x07BE,0x07FF,0x0596,0x0575,0x07FF,0x079E,0x07DF,
    0x075D,0x0145,0x0000,0x0000,0x0000,0x00A2,0x034D,0x0659,0x07FF,0x07FF,0x075D,0x0986,0xD830,0xF894,0xF894,0xB04E,
    0x5807,0xF053,0xF873,0xF873,0xF073,0xF895,0xA04C,0xC04F,0xF874,0xF093,0xF873,0x5826,0x884B,0xF895,0xF093,0xF893,
    0xF073,0xF874,0xF873,0xF873,0xF893,0xF093,0x802A,0x1802,0xC870,0xF873,0xF093,0xF893,0xF894,0xF893,0xF073,0xF072,
    0xF873,0xF874,0xF893,0xD850,0x900A,0x4805,0x0000,0x2002,0xB84E,0xF894,0xF893,0xF093,0xF893,0xF894,0xD070,0x5826,
    0x3004,0x0000,0x0841,0x83EF,0x3166,0x0000,0x2024,0x3025,0x0000,0x1802,0x0000,0x0800,0x780C,0xA811,0x902F,0xD875,
    0x1801,0x438D,0x5FFF,0x373F,0x4E1E,0x0001,0x0001,0x0001,0x0001,0x0001,0x0001,0x0001,0x0001,0x0001,0x0001,0x0001,
    0xC7F9,0xA779,0xB63D,0xCC3F,0x9357,0x0020,0x0000,0x1023,0x4849,0x0801,0x0041,0x0000,0x0821,0x0841,0x94B2,0x4228,
    0x0000,0x0186,0x01A6,0x0000,0x5AEC,0x0861,0x00E3,0x05B6,0x00E3,0x0000,0x0000,0x04B3,0x07FF,0x079E,0x071C,0x077E,
    0x04D3,0x02AA,0x069A,0x07FF,0x07BE,0x07BF,0x07FF,0x0208,0x0020,0x0020,0x0000,0x0000,0x04F4,0x07FF,0x07BE,0x07BE,
    0x07DF,0x071C,0x079E,0x07DF,0x07BF,0x07FF,0x02CB,0x0000,0x0000,0x00E3,0x0410,0x06FC,0x07FF,0x07FF,0x079E,0x07FF,
    0x05B6,0x1001,0xE072,0xF894,0xF895,0x984C,0xA00D,0xF874,0xF073,0xF873,0xF873,0xF894,0xD070,0xE872,0xF873,0xF893,
    0xE050,0x4005,0xD871,0xF873,0xF073,0xF093,0xF093,0xF874,0xF873,0xF073,0xF894,0xE893,0x0000,0x0801,0xE872,0xF873,
    0xF894,0xB04D,0x882A,0xF073,0xF874,0xF894,0xF073,0xF072,0xF093,0xF894,0xD02F,0x3004,0x5006,0xE072,0xF894,0xF072,
    0xF073,0xF894,0xF893,0xA02C,0x4004,0x0800,0x0000,0x0841,0x8410,0x31A6,0x0000,0x0000,0x2024,0x3025,0x0000,0x702C,
    0x3004,0x780B,0xB031,0xB011,0x800D,0x802D,0x1802,0x64B0,0x6FFE,0x37FF,0x0001,0x0001,0x0001,0x0001,0x0001,0x0001,
    0x0001,0x0001,0x0001,0x0001,0x0001,0x0001,0xB75A,0xB6DE,0xCCBE,0xA39E,0x93BF,0x3968,0x0000,0x0000,0x2805,0x780D,
    0x3004,0x0020,0x0000,0x9472,0x632C,0x0000,0x02AB,0x0679,0x03CF,0x0082,0x0000,0x00A2,0x069A,0x07FF,0x0145,0x0000,
    0x0021,0x069A,0x07FF,0x079E,0x07FF,0x03AF,0x0000,0x0082,0x077D,0x07DF,0x07BE,0x07DF,0x077D,0x00E3,0x0000,0x0000,
    0x0020,0x0000,0x0492,0x07FF,0x079E,0x07BF,0x07DF,0x07DF,0x07BF,0x079E,0x07FF,0x0555,0x0000,0x0124,0x0471,0x075D,
    0x07FF,0x07DF,0x079E,0x07BE,0x07BE,0x07FF,0x03CE,0x1801,0xE893,0xF893,0xF894,0xA84D,0xD051,0xF873,0xF073,0xF873,
    0xF893,0xF073,0xF873,0xF073,0xF072,0xF873,0xD050,0xC04F,0xF894,0xF073,0xF073,0xF874,0xF874,0xB84F,0xD871,0xF873,
    0xE872,0xF874,0x2803,0x3003,0xF874,0xF072,0xF894,0x7029,0x0000,0x5807,0xA82D,0xD870,0xF894,0xF874,0xF874,0xB04E,
    0x2002,0x802A,0xF854,0xF873,0xF072,0xF893,0xF893,0xC850,0x6026,0x2802,0x3004,0x0000,0x1082,0x9431,0x3986,0x0000,
    0x0000,0x0000,0x1844,0x2866,0x0000,0x602A,0x4807,0xA02F,0xA030,0x4807,0x4806,0x0800,0x1001,0x1081,0x96D7,0x67DC,
    0x0001,0x0001,0x0001,0x0001,0x0001,0x0001,0x0001,0x0001,0x0001,0x0001,0x0001,0x0001,0xB5FE,0xD51F,0xABBE,0x739E,
    0x937F,0x92F6,0x0000,0x0000,0x0000,0x1001,0x682A,0x3805,0x738E,0x73AE,0x0000,0x026A,0x069A,0x07FF,0x0555,0x01E7,
    0x0000,0x030C,0x07FF,0x07DF,0x0249,0x0000,0x0166,0x07BF,0x07BF,0x07DF,0x06FB,0x0186,0x0000,0x0229,0x07BF,0x06FC,
    0x07BE,0x07FF,0x069A,0x0020,0x0000,0x0000,0x0000,0x0000,0x0639,0x07FF,0x07BE,0x07DF,0x071C,0x07BE,0x07BE,0x07DF,
    0x079E,0x01E8,0x03F0,0x077D,0x07FF,0x07DF,0x079E,0x079E,0x07BF,0x07BF,0x07BF,0x07DF,0x030B,0x2002,0xF094,0xF873,
    0xF873,0xD851,0xF093,0xF874,0xE872,0xB84F,0xF874,0xF093,0xF073,0xF072,0xF052,0xF873,0xF873,0xF874,0xF073,0xF873,
    0xF873,0xC04F,0x5006,0x0000,0xB04E,0xF874,0xF072,0xF874,0x3804,0x4806,0xF874,0xF072,0xF894,0x5026,0x0000,0x0000,
    0x0000,0x1801,0x5026,0xB04E,0xA84D,0x2002,0xB02D,0xF874,0xF072,0xF072,0xF873,0xE872,0xB04E,0x6807,0x3003,0x0000,
    0x0000,0x1082,0x5ACB,0x41E7,0x2945,0x0000,0x0000,0x0000,0x1844,0x3086,0x0000,0x982F,0x980E,0x5007,0x1001,0x0000,
    0x0000,0xA80F,0x782A,0x0000,0xA5B2,0xD7F8,0x0001,0x0001,0x0001,0x0001,0x0001,0x0001,0x0001,0x0001,0x0001,0x0001,
    0x0001,0x0001,0x0001,0xBC3F,0x8C1F,0x7B7E,0xAAFE,0xEB5F,0x4168,0x0000,0x1021,0x0000,0x0000,0x72EE,0x7BCF,0x0000,
    0x0A49,0x079E,0x07BF,0x07BF,0x077D,0x028A,0x0000,0x0514,0x07FF,0x07DF,0x0451,0x0000,0x02EB,0x07FF,0x079E,0x07FF,
    0x05F8,0x028A,0x0000,0x030C,0x07FF,0x075D,0x079E,0x07FF,0x05B7,0x0000,0x0000,0x0000,0x0000,0x01A6,0x07DF,0x07BE,
    0x07FF,0x06DB,0x069A,0x07FF,0x079E,0x07FF,0x0514,0x0208,0x069A,0x07BF,0x079E,0x079E,0x07DF,0x079E,0x079E,0x07BE,
    0x07DF,0x0679,0x0165,0x2803,0xF074,0xF873,0xF893,0xF873,0xF073,0xF874,0xB04E,0x782A,0xF875,0xF073,0xF073,0xF873,
    0xF853,0xF052,0xF873,0xF873,0xF073,0xF874,0xA84D,0x0000,0x0000,0x0000,0xB04E,0xF894,0xF073,0xF875,0x5806,0x6028,
    0xF875,0xF072,0xF874,0x4005,0x0000,0x0000,0x0000,0x0000,0x0000,0x0000,0x1001,0xB80E,0xF832,0xF072,0xF893,0xF853,
    0xF873,0xB04D,0x4805,0x0000,0x0000,0x0000,0x0000,0x0841,0x0861,0x0000,0x5ACB,0x0020,0x0000,0x0000,0x1823,0x3067,
    0x0000,0x4006,0x1002,0x0000,0x5027,0x5828,0x1802,0xB030,0xA84F,0x1001,0x52E9,0x0001,0x0001,0x0001,0x0001,0x0001,
    0x0001,0x0001,0x0001,0x0001,0x0001,0x0001,0x0001,0x0001,0x0001,0x9BDE,0x8BBF,0x9AFE,0xCAFE,0xFB7F,0xBB58,0x0821,
    0x3025,0x0000,0x630C,0x8450,0x0000,0x01E8,0x0659,0x07DF,0x07BF,0x07BE,0x07FF,0x02EB,0x0000,0x06FB,0x07FF,0x07DF,
    0x0659,0x0000,0x0451,0x07FF,0x079E,0x07BF,0x0618,0x01E7,0x0000,0x0410,0x07DF,0x075D,0x079E,0x07FF,0x0492,0x0000,
    0x0020,0x0000,0x0000,0x0575,0x07FF,0x07BE,0x079E,0x05F8,0x079E,0x07DF,0x07BE,0x07DF,0x0228,0x0000,0x0451,0x07BE,
    0x07DF,0x07FF,0x077E,0x07BE,0x07BF,0x079E,0x07FF,0x036D,0x0000,0x2824,0xF874,0xF893,0xF873,0xF073,0xF073,0xF875,
    0x5006,0x5027,0xF875,0xF073,0xF873,0xF873,0xF873,0xE852,0xE051,0xF873,0xF073,0xF873,0x3804,0x0000,0x0000,0x0000,
    0x902B,0xF893,0xF073,0xF875,0x6828,0x7029,0xF895,0xF872,0xA02B,0x1802,0x0000,0x0000,0x0000,0x0000,0x0000,0x2803,
    0x982C,0xE851,0xF852,0xF832,0xE071,0xB02D,0x6006,0x0800,0x10C2,0x4208,0x528A,0x20E4,0x0000,0x8410,0xC618,0x2124,
    0x4A48,0x0020,0x0000,0x0000,0x1824,0x3868,0x0000,0x2804,0x802C,0x980E,0xB031,0x5808,0x6009,0xA80F,0x882D,0x0801,
    0x0000,0x0001,0x0001,0x0001,0x0001,0x0001,0x0001,0x0001,0x0001,0x0001,0x0001,0x0001,0x0001,0x0001,0x0001,0x0001,
    0xB35F,0xCB9F,0xBBBE,0xABDE,0xC45F,0x622D,0x0000,0x5ACD,0x8451,0x0000,0x01A6,0x03CF,0x0145,0x0639,0x07FF,0x079E,
    0x07DF,0x02AB,0x0124,0x07FF,0x07BE,0x07FF,0x069A,0x0040,0x05F8,0x07FF,0x079E,0x07BF,0x06FB,0x00E3,0x0000,0x04F4,
    0x07FF,0x07BE,0x079E,0x07DF,0x03AE,0x0000,0x0020,0x0000,0x0269,0x07FF,0x07BE,0x07DF,0x075D,0x079E,0x07DF,0x07BE,
    0x07DF,0x073D,0x00A2,0x0061,0x04F3,0x07FF,0x073C,0x03AE,0x0431,0x07FF,0x07BE,0x079E,0x07FF,0x038E,0x0000,0x3024,
    0xF874,0xF873,0xF873,0xF873,0xF873,0xE872,0x0800,0x4005,0xF874,0xF073,0xF073,0xF873,0xE872,0x3004,0x904B,0xF854,
    0xF873,0xB84E,0x0000,0x0000,0x0000,0x0000,0x7009,0xF053,0xF873,0xF894,0x802A,0x802A,0xF073,0x8029,0x1001,0x0000,
    0x0000,0x0000,0x0020,0x0000,0x0800,0x4826,0xA00B,0xE051,0xA84C,0x880A,0x3804,0x2043,0x4ACA,0xBDF7,0xFFFF,0xFFFF,
    0xFFFF,0xE73C,0x2965,0xEF5D,0xEF5D,0x1082,0x4208,0x0000,0x0000,0x0000,0x1823,0x3067,0x0000,0xA830,0x880D,0x800C,
    0x700B,0x880D,0x0801,0x680A,0x0800,0x0000,0x0001,0x0001,0x0001,0x0001,0x0001,0x0001,0x0001,0x0001,0x0001,0x0001,
    0x0001,0x0001,0x0001,0x0001,0x0001,0x0001,0xC3BE,0xBC3F,0x7C5E,0x6C9E,0x7CDF,0x83FA,0x528A,0x9491,0x0000,0x0041,
    0x0145,0x0000,0x0000,0x0596,0x07FF,0x079E,0x07FF,0x02AA,0x02CB,0x07FF,0x079E,0x07DF,0x071C,0x0186,0x071C,0x07FF,
    0x07BF,0x0638,0x05B6,0x0082,0x0000,0x05F7,0x07FF,0x079E,0x07DF,0x06DB,0x02EB,0x0000,0x0000,0x00C3,0x071C,0x07DF,
    0x079E,0x07BF,0x07FF,0x077D,0x079E,0x077E,0x07FF,0x0659,0x0020,0x0020,0x03F0,0x0431,0x0041,0x0125,0x073D,0x07DF,
    0x07BE,0x07BF,0x07BE,0x0249,0x0000,0x3024,0xF874,0xF873,0xF893,0xF073,0xF895,0xA04C,0x0000,0x3004,0xF853,0xF873,
    0xF073,0xF894,0xA82D,0x0000,0xD851,0xF853,0xF874,0x5026,0x0000,0x0000,0x0000,0x0000,0x4004,0xE052,0xF893,0xF093,
    0x7008,0x984C,0x882B,0x0800,0x0000,0x0000,0x0000,0x528A,0x632C,0x0000,0x0820,0x2022,0x5866,0x2803,0x2002,0x0801,
    0x0000,0x4A89,0xFFFF,0xF79E,0x73AE,0x9492,0xFFDF,0xDEFB,0x5AEB,0xFFFF,0x9CD3,0x0020,0x4208,0x0000,0x0020,0x0000,
    0x1803,0x3827,0x1001,0xC033,0xC032,0x902D,0x5808,0x3004,0x0000,0x1802,0x5007,0x780B,0x0001,0x0001,0x0001,0x0001,
    0x0001,0x0001,0x0001,0x0001,0x0001,0x0001,0x0001,0x0001,0x0001,0x0001,0x0001,0x0001,0x0001,0x755F,0x4D9F,0x553F,
    0x4D1E,0x355F,0x4D38,0x0000,0x0000,0x0000,0x0000,0x0000,0x0020,0x0576,0x07FF,0x079E,0x07FF,0x034D,0x0492,0x07FF,
    0x079E,0x07BF,0x079E,0x036D,0x077E,0x07FF,0x075D,0x0638,0x028A,0x0000,0x0020,0x0618,0x07FF,0x079E,0x07FF,0x0596,
    0x0145,0x0000,0x0020,0x05D7,0x07FF,0x079E,0x07DF,0x07DF,0x069A,0x04F3,0x07FF,0x073D,0x07FF,0x067A,0x0020,0x0000,
    0x0000,0x0000,0x01A7,0x075D,0x07FF,0x07BE,0x07BE,0x07DF,0x073D,0x00A2,0x0000,0x2824,0xF073,0xF873,0xF893,0xF093,
    0xF894,0x5026,0x0000,0x1001,0xD851,0xF873,0xF073,0xF875,0x6808,0x4025,0xF854,0xE072,0xE072,0x1001,0x0000,0x0000,
    0x0000,0x0000,0x2002,0xC871,0xD871,0xF072,0x2003,0x6808,0x2002,0x0000,0x0841,0x0000,0x0000,0xCE59,0xAD75,0x0000,
    0x0000,0x8C71,0x4268,0x0000,0x0000,0x0020,0x0000,0x5AAB,0xFFFF,0x6B4D,0x2945,0xE71C,0xFFFF,0x4208,0x7BEF,0xFFFF,
    0x4A49,0x18C3,0x39E7,0x0000,0x0000,0x0000,0x1803,0x3025,0x4806,0x700B,0x5007,0x0801,0x0000,0x0000,0x6009,0xB031,
    0xC833,0x0001,0x0001,0x0001,0x0001,0x0001,0x0001,0x0001,0x0001,0x0001,0x0001,0x0001,0x0001,0x0001,0x0001,0x0001,
    0x0001,0x0001,0x0001,0x85DE,0x961F,0x757F,0x657F,0x4D9F,0x2D5D,0x0966,0x0000,0x0041,0x0020,0x0000,0x0000,0x0575,
    0x07FF,0x079E,0x07FF,0x0410,0x0618,0x07FF,0x07BE,0x07BF,0x07BF,0x05B7,0x07BE,0x07DF,0x077E,0x073C,0x00C3,0x0000,
    0x0082,0x0575,0x07FF,0x079E,0x07FF,0x03EF,0x0020,0x0000,0x04F3,0x07FF,0x079E,0x07DF,0x071C,0x073C,0x0208,0x0410,
    0x07FF,0x079E,0x07BF,0x075D,0x0104,0x0000,0x0000,0x032D,0x079E,0x07FF,0x07BE,0x07BF,0x07BE,0x07FF,0x06BB,0x00A3,
    0x0000,0x2803,0xF073,0xF873,0xF073,0xF894,0xD04F,0x0000,0x0000,0x0000,0xB84E,0xF874,0xF073,0xE852,0x3003,0x902C,
    0x882A,0xC871,0x5807,0x0000,0x0000,0x6B4D,0x41E8,0x0000,0x2002,0x982D,0xA80D,0xE031,0x2002,0x0800,0x10A2,0x10A2,
    0x738E,0x10A2,0x3186,0xFFFF,0xCE79,0x0000,0x7BCF,0xFFFF,0x2104,0x0000,0x0020,0x0020,0x0000,0x8430,0xFFFF,0xB596,
    0xFFFF,0xF7DE,0x5AAA,0x0000,0xD6BA,0xF7BE,0x0861,0x3186,0x6B6D,0x4A49,0x5AEB,0x2104,0x1002,0x3868,0x1001,0x0801,
    0x0000,0x6009,0x900C,0x1802,0x902E,0xD013,0xC012,0x0001,0x0001,0x0001,0x0001,0x0001,0x0001,0x0001,0x0001,0x0001,
    0x0001,0x0001,0x0001,0x0001,0x0001,0x0001,0x0001,0x0001,0x0001,0x0001,0xD4DF,0xBD1F,0x9CFE,0x8D1E,0x7D3F,0x4C39,
    0x0041,0x0082,0x0061,0x0020,0x0000,0x0410,0x07FF,0x079E,0x07DF,0x05B7,0x071C,0x07DF,0x07BF,0x07BF,0x07BF,0x079E,
    0x07BF,0x079E,0x079E,0x069A,0x0082,0x0000,0x0000,0x0534,0x07FF,0x079E,0x07FF,0x02CB,0x0000,0x0451,0x07FF,0x079E,
    0x07BF,0x07BE,0x071C,0x0535,0x0000,0x0451,0x07FF,0x079E,0x079E,0x07FF,0x0638,0x03EF,0x05F8,0x07FF,0x07DF,0x079E,
    0x07BF,0x07BF,0x07BE,0x07DF,0x073D,0x01C7,0x0000,0x1802,0xE072,0xF873,0xF073,0xF072,0x7829,0x0000,0x0000,0x0000,
    0x7809,0xF894,0xF894,0x6007,0x1801,0x4005,0x5027,0x982C,0x0000,0x0000,0x528A,0xBB35,0x624B,0x0000,0x0000,0x5807,
    0x884B,0xA00D,0x2002,0x0000,0x2945,0xBDB6,0xB5B6,0x7BCF,0xA514,0xD69A,0xD6BA,0x8C51,0xFFFF,0xD69A,0x0020,0x0000,
    0x0000,0x0000,0x0000,0xAD75,0xFFFF,0xFFFF,0xC638,0x2965,0x0000,0x3186,0xFFFF,0xA534,0x0000,0x0000,0x0841,0x0861,
    0x18C3,0x5AEB,0x3947,0x3806,0x0000,0x5829,0x6829,0xA82F,0x880C,0x3806,0x6029,0x2804,0x0001,0x0001,0x0001,0x0001,
    0x0001,0x0001,0x0001,0x0001,0x0001,0x0001,0x0001,0x0001,0x0001,0x0001,0x0001,0x0001,0x0001,0x0001,0x0001,0x0001,
    0x0001,0xBCDF,0x74FF,0x553E,0x4CFE,0x1DDF,0x1B50,0x0021,0x00E4,0x0082,0x0000,0x032D,0x07FF,0x07BE,0x079E,0x075D,
    0x07DF,0x07BF,0x07DF,0x07BF,0x07BF,0x07BF,0x07BF,0x07BF,0x07BF,0x06DB,0x00A2,0x0000,0x00C3,0x05D7,0x07FF,0x079E,
    0x07DF,0x0208,0x03F0,0x07FF,0x079E,0x07DF,0x077E,0x075D,0x071C,0x0186,0x0000,0x036E,0x07FF,0x079E,0x07BF,0x07BF,
    0x07FF,0x07FF,0x07FF,0x07BE,0x079E,0x07FF,0x07DF,0x07BF,0x07BE,0x07DF,0x071C,0x00E4,0x0000,0x0000,0xC030,0xF874,
    0xF874,0x882A,0x0000,0x0000,0x0000,0x0000,0x1801,0xF073,0xD871,0x0000,0x0000,0x0000,0x884B,0x3824,0x0000,0x4208,
    0xA313,0x5009,0x9351,0x0060,0x0000,0x2002,0x802A,0x5807,0x0000,0x0000,0x20E3,0xF79E,0xFFFF,0xF79E,0xEF5D,0x3186,
    0xEF5D,0xEF5D,0xC618,0xB596,0x0000,0x0000,0x4208,0x31A6,0x18C3,0xEF5D,0xF79E,0x632C,0x0000,0x0000,0x0000,0x6B6D,
    0xFFFF,0x5AEB,0x39E7,0x8C51,0xC638,0xBDF7,0x1062,0x0040,0x72CD,0x3806,0x2002,0xC032,0xC031,0xD053,0x982E,0x0800,
    0x1802,0x0001,0x0001,0x0001,0x0001,0x0001,0x0001,0x0001,0x0001,0x0001,0x0001,0x0001,0x0001,0x0001,0x0001,0x0001,
    0x0001,0x0001,0x0001,0x0001,0x0001,0x0001,0x0001,0x7D1E,0x553F,0x1D9E,0x25BE,0x05FE,0x0E5F,0x0A8B,0x0229,0x0165,
    0x0000,0x0228,0x07FF,0x07BE,0x079E,0x075D,0x07BE,0x07FF,0x0618,0x073D,0x07DF,0x07BE,0x07BF,0x07BE,0x07DF,0x0472,
    0x0000,0x0000,0x0186,0x0679,0x07FF,0x07BF,0x077E,0x0618,0x07FF,0x07BE,0x07BE,0x07BE,0x0699,0x06BA,0x032C,0x0000,
    0x0000,0x0145,0x07BF,0x07BF,0x07BF,0x07BF,0x07BE,0x079E,0x079E,0x079E,0x07FF,0x0618,0x05F8,0x07FF,0x079E,0x07FF,
    0x0575,0x0000,0x0000,0x0000,0xC04F,0xC84F,0xF053,0x6007,0x0000,0x0000,0x0000,0x0000,0x0000,0x880A,0x3804,0x0000,
    0x0000,0x0800,0x4826,0x0000,0x2965,0x9BB3,0x4809,0x3006,0x8A30,0x4A69,0x0000,0x0000,0x980B,0x5006,0x0000,0x0000,
    0x2104,0xEF7D,0x9CD3,0xFFFF,0x94B2,0x0000,0xB596,0x39E7,0xBDD7,0x8C71,0x0000,0x4208,0xFFFF,0xF79E,0x31A6,0xEF5D,
    0xC638,0x0000,0x0000,0x0020,0x0000,0xB5B6,0xFFFF,0xE71C,0xFFFF,0xFFFF,0xFFFF,0x9CD3,0x0841,0x0040,0x72EE,0x4006,
    0x4026,0xD033,0x780B,0x6029,0x1801,0x0020,0x18E3,0x0001,0x0001,0x0001,0x0001,0x0001,0x0001,0x0001,0x0001,0x0001,
    0x0001,0x0001,0x0001,0x0001,0x0001,0x0001,0x0001,0x0001,0x0001,0x0001,0x0001,0x0001,0x0001,0x0001,0x35FF,0x0E3F,
    0x067E,0x06DE,0x171F,0x0E9B,0x0430,0x03AE,0x0000,0x0145,0x079E,0x07BE,0x079E,0x07BE,0x079E,0x07FF,0x03EF,0x05F8,
    0x07FF,0x07BE,0x07BF,0x079E,0x07BF,0x036D,0x0000,0x0000,0x0228,0x071B,0x07DF,0x07BE,0x07BF,0x07FF,0x07BE,0x07BF,
    0x07BF,0x079E,0x07DF,0x03EF,0x0082,0x0020,0x0000,0x0000,0x0515,0x07FF,0x079E,0x07BE,0x07BF,0x079E,0x07BF,0x07FF,
    0x05B6,0x0104,0x0679,0x07FF,0x079E,0x07FF,0x0451,0x0000,0x0000,0x0000,0x982C,0x984C,0xA02D,0x0800,0x0000,0x20E3,
    0x5A69,0x0000,0x0000,0x0801,0x0000,0x0820,0x3986,0x0000,0x0000,0x20E3,0xA3F2,0x4006,0x3806,0x5008,0x5809,0xA3D3,
    0x4248,0x08A2,0x3804,0x1802,0x3A07,0x2104,0x10A2,0xFFDF,0x39E7,0x6B4D,0x2124,0x0000,0x0000,0x0000,0xF7BE,0x528A,
    0x0000,0x4A69,0xFFFF,0xD69A,0x3186,0xFFFF,0x94B2,0x0020,0x0020,0x0000,0x2965,0xFFFF,0xFFFF,0xF79E,0xA534,0x4A69,
    0x0861,0x0000,0x1082,0x630C,0x3947,0x3805,0x4006,0x4006,0x1001,0x0000,0x39E7,0xADD7,0x0001,0x0001,0x0001,0x0001,
    0x0001,0x0001,0x0001,0x0001,0x0001,0x0001,0x0001,0x0001,0x0001,0x0001,0x0001,0x0001,0x0001,0x0001,0x0001,0x0001,
    0x0001,0x0001,0x0001,0x0001,0x0001,0x179F,0x173E,0x0FBF,0x079E,0x07DF,0x077D,0x04F3,0x0000,0x0061,0x06FC,0x07FF,
    0x07BE,0x07BE,0x07BE,0x07FF,0x0228,0x0430,0x07FF,0x079E,0x07BF,0x079E,0x079E,0x01C7,0x0000,0x0000,0x0249,0x077D,
    0x07BF,0x07BE,0x07BF,0x07BE,0x07BF,0x07BE,0x07BF,0x07FF,0x0451,0x00A2,0x0000,0x0000,0x18E3,0x0841,0x00E3,0x0638,
    0x07FF,0x07FF,0x07FF,0x07FF,0x07BF,0x03EF,0x0000,0x0145,0x0679,0x079E,0x079E,0x07FF,0x0514,0x0000,0x0000,0x0000,
    0x2803,0x982D,0x5027,0x0000,0x0000,0x5B6E,0x7556,0x2945,0x0000,0x0000,0x0000,0x7431,0x8D77,0x0841,0x0000,0x75B7,
    0x1DB9,0x032D,0x1A4D,0x2127,0x10A5,0x4047,0xA372,0x730D,0x0000,0x0000,0x9CD4,0x2945,0x1082,0xFFDE,0x39E7,0x0000,
    0x2945,0x4A49,0x630C,0x9492,0xF7BE,0x2104,0x0000,0x0000,0x4228,0x18E3,0x18E3,0xCE38,0x39E7,0x0000,0x0000,0x0000,
    0x4208,0xBE17,0x5AEB,0x0861,0x0000,0x0861,0x31A6,0x5ACB,0x6B2C,0x2965,0x0000,0x4807,0x0000,0x0000,0x2966,0x9556,
    0xC7DF,0x0001,0x0001,0x0001,0x0001,0x0001,0x0001,0x0001,0x0001,0x0001,0x0001,0x0001,0x0001,0x0001,0x0001,0x0001,
    0x0001,0x0001,0x0001,0x0001,0x0001,0x0001,0x0001,0x0001,0x0001,0x0001,0x0001,0x179E,0x07FF,0x07BE,0x07BF,0x27BE,
    0x37FF,0x2659,0x0841,0x0000,0x05D7,0x07FF,0x079E,0x07BE,0x07BE,0x07DF,0x0165,0x01E7,0x07FF,0x07BE,0x07BF,0x079E,
    0x071C,0x0124,0x0000,0x0000,0x032D,0x07FF,0x07BE,0x07BF,0x07DF,0x07DF,0x079E,0x07DF,0x07BF,0x02EB,0x0000,0x0000,
    0x0000,0x2965,0x9CF3,0x5ACB,0x0000,0x0081,0x0410,0x05D7,0x0639,0x04F3,0x01A7,0x0000,0x0000,0x01C7,0x0451,0x07BF,
    0x079E,0x07FF,0x04F4,0x0000,0x0000,0x0000,0x2003,0x880B,0x2002,0x0000,0x5A8A,0x5452,0x022A,0x738E,0x0000,0x0000,
    0x73AE,0x4AEB,0x4BCF,0x2104,0x5249,0x54D4,0x0535,0x05D9,0x063A,0x05B8,0x3B76,0x4A53,0x02F0,0x761A,0x18C3,0x18A2,
    0xC558,0x18C3,0x10A2,0xF79E,0xBDF7,0xE71B,0xFFFF,0xFFFF,0xFFFF,0xFFFF,0xD69A,0x1082,0x0000,0x0000,0x0000,0x0000,
    0x0000,0x0000,0x0000,0x3145,0x20E3,0x0000,0x0000,0x0000,0x0820,0x39C7,0x5AEB,0x5AEB,0x31A6,0x1082,0x0000,0x0000,
    0x0000,0x6029,0x2002,0x2986,0xDD9E,0xC6BF,0x7EDE,0x0001,0x0001,0x0001,0x0001,0x0001,0x0001,0x0001,0x0001,0x0001,
    0x0001,0x0001,0x0001,0x0001,0x0001,0x0001,0x0001,0x0001,0x0001,0x0001,0x0001,0x0001,0x0001,0x0001,0x0001,0x0001,
    0x0001,0x0001,0x17BE,0x07DF,0x1FBE,0x47BE,0x37BF,0x679E,0x2986,0x0000,0x0431,0x07FF,0x079E,0x07BE,0x07BE,0x075D,
    0x0104,0x0020,0x06FC,0x07FF,0x07BE,0x07DF,0x06BB,0x0041,0x0020,0x0451,0x077E,0x07BF,0x07BE,0x07BF,0x079E,0x077D,
    0x07FF,0x077E,0x0269,0x0000,0x0020,0x0000,0x4228,0x8452,0x10C3,0x3A08,0x632C,0x1082,0x0000,0x0000,0x0000,0x0000,
    0x0000,0x0020,0x0000,0x0061,0x030C,0x07FF,0x079E,0x07FF,0x0514,0x0000,0x18C3,0x10C2,0x1001,0x5007,0x0000,0x2925,
    0x8412,0x08E5,0x00A5,0x6C12,0x4208,0x7BCF,0x6C52,0x0128,0x2A6D,0x8C51,0x8C34,0x0043,0x0085,0x0126,0x1949,0x9995,
    0xF39B,0xFB7B,0x79B3,0x3371,0x8410,0x63AF,0x6473,0x10A2,0x2945,0xFFFF,0xEF5D,0xAD75,0x73AE,0x4228,0x2104,0x0881,
    0x0020,0x0000,0x18C3,0x7C10,0x39E7,0x31E7,0x532C,0x52CB,0x734D,0x6493,0x6493,0x4A08,0x3965,0x5B4D,0x63AF,0x31C7,
    0x0821,0x0000,0x0000,0x0000,0x0020,0x0000,0x0800,0x1001,0x3106,0xDD1C,0xDD7F,0xAD9E,0x0001,0x0001,0x0001,0x0001,
    0x0001,0x0001,0x0001,0x0001,0x0001,0x0001,0x0001,0x0001,0x0001,0x0001,0x0001,0x0001,0x0001,0x0001,0x0001,0x0001,
    0x0001,0x0001,0x0001,0x0001,0x0001,0x0001,0x0001,0x0001,0x0001,0x2FFF,0x3FBE,0x5FBE,0x679E,0x8FFF,0x74D1,0x0000,
    0x0269,0x07FF,0x07BE,0x07BE,0x07BF,0x069A,0x0082,0x0000,0x04B3,0x07FF,0x079E,0x079E,0x0514,0x01E8,0x0555,0x0639,
    0x077D,0x07BF,0x07BE,0x07BF,0x075D,0x07DF,0x0659,0x0186,0x0000,0x0020,0x0000,0x5289,0x9472,0x0823,0x0000,0x0000,
    0x2945,0x5B0C,0x4B0C,0x3A69,0x4228,0x52AA,0x9492,0x18E3,0x0000,0x0000,0x0269,0x07FF,0x07BE,0x07BF,0x04D3,0x0000,
    0x4A6A,0x6B6D,0x0000,0x0801,0x0861,0x9C52,0x1A0D,0x01C9,0x0168,0x12AD,0xA574,0x9533,0x024B,0x022C,0x0949,0x7B91,
    0x70CF,0x402A,0x0106,0x1108,0x680A,0xFC1B,0xFDBD,0xFE1D,0xF359,0x700A,0x92D1,0x5BB1,0x33F1,0x18A2,0x2104,0x4228,
    0x0000,0x0000,0x0000,0x0000,0x1061,0x2104,0x2985,0x4A69,0x83F0,0x2A09,0x31C8,0x31E7,0x2A6A,0x2A0B,0x1188,0x0062,
    0x00E4,0x3C31,0x4576,0x1C31,0x038F,0x02CB,0x0269,0x01E7,0x0165,0x0041,0x0000,0x0000,0x0000,0x18E3,0xCCDA,0xF4DF,
    0xD5BF,0x0001,0x0001,0x0001,0x0001,0x0001,0x0001,0x0001,0x0001,0x0001,0x0001,0x0001,0x0001,0x0001,0x0001,0x0001,
    0x0001,0x0001,0x0001,0x0001,0x0001,0x0001,0x0001,0x0001,0x0001,0x0001,0x0001,0x0001,0x0001,0x0001,0x0001,0x5EFB,
    0x6FFF,0x87BC,0x9FBD,0xCFFC,0xB5D5,0x1041,0x0082,0x075D,0x07DF,0x07BF,0x079E,0x0618,0x0082,0x0000,0x01C7,0x07BF,
    0x07FF,0x073D,0x0208,0x032C,0x0430,0x0639,0x079E,0x07BF,0x079E,0x07DF,0x07FF,0x079E,0x0228,0x0000,0x0020,0x0000,
    0x6B6E,0x7431,0x0187,0x022A,0x02CD,0x034F,0x030E,0x02CD,0x1B90,0x336E,0x428B,0x21A9,0x73D0,0x5ACA,0x1082,0x0000,
    0x0269,0x07FF,0x07DF,0x05B7,0x0165,0x0000,0x3AEC,0x6D56,0x0000,0x0000,0x73CF,0x42EF,0x0107,0x0188,0x01A9,0x020B,
    0x19C8,0x0A4B,0x026D,0x0969,0x10C7,0x10C8,0x08E7,0x508B,0x782D,0x1826,0x880E,0xFE1E,0xF1D9,0xFB1B,0xF5BD,0x780D,
    0x3829,0x3807,0x722F,0x39E7,0x0000,0x0000,0x2924,0x5269,0x6B0D,0x632D,0x5B8F,0x52EC,0xB2F3,0xA292,0x20E6,0x0022,
    0x0042,0x0022,0x0063,0x00C4,0x01C9,0x0146,0x0000,0x0000,0x0186,0x0431,0x0639,0x05B7,0x0535,0x0492,0x0472,0x04B3,
    0x03CF,0x0000,0x18E3,0xD4FA,0xF53F,0xE59F,0xCD9E,0x0001,0x0001,0x0001,0x0001,0x0001,0x0001,0x0001,0x0001,0x0001,
    0x0001,0x0001,0x0001,0x0001,0x0001,0x0001,0x0001,0x0001,0x0001,0x0001,0x0001,0x0001,0x0001,0x0001,0x0001,0x0001,
    0x0001,0x0001,0x0001,0x0001,0x0001,0x0001,0xAEF9,0xC7FC,0xCF98,0xFF77,0xD657,0x3186,0x0000,0x0596,0x07FF,0x07DF,
    0x06BB,0x0186,0x0000,0x0000,0x0000,0x05F8,0x07FF,0x04F4,0x0041,0x00C3,0x034D,0x0596,0x077D,0x07BF,0x07FF,0x073C,
    0x0410,0x0186,0x0000,0x0000,0x0841,0x8450,0x5D57,0x030F,0x034F,0x02ED,0x020A,0x0147,0x00E4,0x0062,0x0023,0x0002,
    0x0000,0x00A6,0x022B,0x95D8,0xB555,0x0820,0x01C7,0x077D,0x06FC,0x0166,0x0000,0x0840,0x4C32,0x3D16,0x1924,0x39C7,
    0x9414,0x0129,0x01A9,0x0189,0x0148,0x01C9,0x0148,0x0148,0x0064,0x0108,0x1088,0x3048,0x09AA,0x00E5,0x9050,0x9872,
    0x680B,0xF37A,0xFFBF,0xFFDF,0xE297,0x5009,0x4069,0x486A,0x298D,0x6432,0x732E,0x7B2F,0x6ACF,0x31CA,0x1106,0x0864,
    0x0865,0x00C6,0x780D,0x700B,0x2847,0x18C8,0x08E5,0x0105,0x09A8,0x020A,0x01C8,0x01A8,0x0166,0x01C8,0x0125,0x0126,
    0x00E4,0x0124,0x028A,0x03CF,0x0596,0x077E,0x073D,0x1AAB,0xD499,0xFCDF,0xFD9F,0xD57E,0x0001,0x0001,0x0001,0x0001,
    0x0001,0x0001,0x0001,0x0001,0x0001,0x0001,0x0001,0x0001,0x0001,0x0001,0x0001,0x0001,0x0001,0x0001,0x0001,0x0001,
    0x0001,0x0001,0x0001,0x0001,0x0001,0x0001,0x0001,0x0001,0x0001,0x0001,0x0001,0x0001,0x0001,0xDEF8,0xFFB7,0xF698,
    0xEE7B,0x638C,0x0000,0x01E8,0x079E,0x07DF,0x030C,0x0000,0x0020,0x2945,0x0000,0x02EB,0x07BF,0x0145,0x0000,0x0020,
    0x02CB,0x079E,0x07BE,0x07FF,0x0638,0x032C,0x00C3,0x0000,0x0000,0x18C3,0x9492,0x4A69,0x0045,0x1865,0x0000,0x0063,
    0x0064,0x0000,0x0021,0x00E6,0x0189,0x01AA,0x09AA,0x018A,0x022D,0x0A8F,0x8BB1,0x2103,0x00C3,0x077E,0x04D3,0x0000,
    0x0000,0x3249,0x2390,0x0948,0x9493,0x9371,0x2888,0x0020,0x0061,0x00C3,0x0083,0x00C5,0x0189,0x0189,0x028D,0x026D,
    0x026F,0x11AB,0x3089,0x3068,0x2026,0x782E,0xB833,0xD875,0xFF5F,0xFEFF,0xC833,0x606C,0x38EB,0x20E8,0x01AA,0x124D,
    0xA316,0x214B,0x0066,0x1024,0x20E9,0x3889,0x584C,0x30A8,0x88AF,0x806D,0x1844,0x0062,0x0062,0x0062,0x0082,0x00C3,
    0x0105,0x0105,0x0104,0x0186,0x0166,0x0166,0x0146,0x0083,0x0228,0x0C92,0x0EBB,0x0618,0x2E18,0xD67E,0xFCDF,0xFC9F,
    0xFD5F,0x0001,0x0001,0x0001,0x0001,0x0001,0x0001,0x0001,0x0001,0x0001,0x0001,0x0001,0x0001,0x0001,0x0001,0x0001,
    0x0001,0x0001,0x0001,0x0001,0x0001,0x0001,0x0001,0x0001,0x0001,0x0001,0x0001,0x0001,0x0001,0x0001,0x0001,0x0001,
    0x0001,0x0001,0x0001,0x0001,0xE659,0xFE3D,0xF63D,0xBDD7,0x10A2,0x0020,0x0639,0x079E,0x00E3,0x0000,0x4A6A,0x9515,
    0x0841,0x00E3,0x0492,0x0000,0x0000,0x03CF,0x07FF,0x071C,0x07FF,0x0618,0x01C7,0x0082,0x0000,0x0000,0x4207,0xA513,
    0x324B,0x0084,0x08C6,0x114A,0x0168,0x0189,0x022D,0x028E,0x022D,0x0147,0x0127,0x0127,0x01AA,0x0169,0x01A9,0x01EC,
    0x6370,0x3985,0x0041,0x071C,0x02EC,0x0000,0x0020,0x3472,0x028D,0x01AA,0x2AAD,0x29AA,0x2868,0x2888,0x2804,0x1001,
    0x0022,0x0105,0x024C,0x0330,0x1B54,0x1BB4,0x0454,0x02EE,0x2869,0x2026,0x4008,0x780E,0xB033,0xC814,0xFC5B,0xF43B,
    0xB811,0xA031,0x8850,0x3067,0x0125,0x124F,0x3AB1,0x0149,0x310B,0x30A9,0x2045,0x0843,0x1065,0x08A5,0x78AE,0x784C,
    0x1864,0x10E6,0x0988,0x02AB,0x034E,0x032E,0x0229,0x0166,0x0105,0x0042,0x0146,0x02EC,0x0619,0x067C,0x0639,0x0CF3,
    0x0186,0x41E7,0xDE99,0xDE9E,0xF53E,0xFD3F,0x0001,0x0001,0x0001,0x0001,0x0001,0x0001,0x0001,0x0001,0x0001,0x0001,
    0x0001,0x0001,0x0001,0x0001,0x0001,0x0001,0x0001,0x0001,0x0001,0x0001,0x0001,0x0001,0x0001,0x0001,0x0001,0x0001,
    0x0001,0x0001,0x0001,0x0001,0x0001,0x0001,0x0001,0x0001,0x0001,0x0001,0x0001,0xE5DC,0xF69F,0xE7BF,0x6C30,0x0000,
    0x04F4,0x04F3,0x0000,0x0841,0x5D16,0x54D5,0x20E3,0x0000,0x0082,0x0000,0x0451,0x07FF,0x0534,0x0E59,0x0471,0x0124,
    0x0082,0x0000,0x0000,0x630C,0xA4F4,0x20E6,0x0022,0x00C5,0x08E7,0x19AB,0x12F2,0x024E,0x0148,0x0188,0x0107,0x0083,
    0x0084,0x0107,0x00E5,0x0106,0x0352,0x0330,0x5C32,0x4A28,0x0020,0x0659,0x00E3,0x0000,0x31A6,0x3C51,0x024D,0x01CB,
    0x11EB,0x09AA,0x0147,0x10C6,0x20A7,0x28C9,0x29AD,0x01EB,0x30EB,0x7850,0x682D,0x494E,0x584D,0x4930,0x28C9,0x2026,
    0x9851,0x5809,0x3806,0x9050,0xD0B5,0xD8D6,0x780D,0x602A,0x4808,0x800D,0xA851,0x9934,0x712F,0x606C,0x506B,0x20E9,
    0x1909,0x1085,0x0063,0x0020,0x680A,0x604A,0x0041,0x0842,0x00A4,0x0187,0x022A,0x028B,0x030D,0x02CC,0x0390,0x0577,
    0x073D,0x071D,0x0431,0x0124,0x0000,0x0000,0x5AA9,0xF7B7,0xF798,0xE6DA,0xFDFE,0x0001,0x0001,0x0001,0x0001,0x0001,
    0x0001,0x0001,0x0001,0x0001,0x0001,0x0001,0x0001,0x0001,0x0001,0x0001,0x0001,0x0001,0x0001,0x0001,0x0001,0x0001,
    0x0001,0x0001,0x0001,0x0001,0x0001,0x0001,0x0001,0x0001,0x0001,0x0001,0x0001,0x0001,0x0001,0x0001,0x0001,0x0001,
    0x0001,0x0001,0xCEFC,0xAFFF,0x7DF8,0x0000,0x01C7,0x0104,0x20C3,0x63D0,0x2370,0x4AAB,0x0000,0x0000,0x0020,0x0514,
    0x079E,0x02EB,0x03EF,0x036E,0x0000,0x0000,0x0000,0x0041,0x9471,0xA515,0x01AB,0x00A7,0x192A,0x01CB,0x0084,0x0802,
    0x1825,0x1826,0x1803,0x0800,0x0000,0x0000,0x0000,0x0021,0x0020,0x022D,0x053B,0x0391,0x2AAC,0x7B6E,0x00A2,0x0451,
    0x0000,0x0000,0x636E,0x120A,0x00E5,0x0147,0x122C,0x0A0D,0x114A,0x10C6,0x0189,0x0108,0x3806,0x8871,0xB855,0x3047,
    0x0021,0x2025,0x58AD,0x48CC,0x608D,0x602C,0x782D,0x900E,0x882E,0x902F,0x900F,0xA010,0x902F,0x782D,0x684C,0x9830,
    0x704D,0x2867,0x588B,0x9913,0xB0D3,0xA031,0x9050,0x700C,0x5008,0x2804,0x804D,0x582B,0x0000,0x0020,0x0042,0x0000,
    0x0000,0x0000,0x02EC,0x067C,0x073E,0x075D,0x0451,0x00A3,0x0000,0x0000,0x0000,0x840C,0xFFF5,0xEFB5,0xDF96,0xF79B,
    0x0001,0x0001,0x0001,0x0001,0x0001,0x0001,0x0001,0x0001,0x0001,0x0001,0x0001,0x0001,0x0001,0x0001,0x0001,0x0001,
    0x0001,0x0001,0x0001,0x0001,0x0001,0x0001,0x0001,0x0001,0x0001,0x0001,0x0001,0x0001,0x0001,0x0001,0x0001,0x0001,
    0x0001,0x0001,0x0001,0x0001,0x0001,0x0001,0x0001,0x0001,0x636D,0xAF9E,0xAF9E,0x2104,0x0000,0x0000,0x9555,0x9F9F,
    0x226B,0x636E,0x0000,0x0020,0x05B7,0x0EFB,0x01C7,0x01E7,0x0165,0x0000,0x0000,0x0000,0x2104,0x9C52,0x5AAE,0x1066,
    0x10E8,0x09CC,0x098B,0x0168,0x194B,0x586B,0x1044,0x2025,0x3048,0x2025,0x1824,0x1023,0x1802,0x1804,0x2826,0x3028,
    0x09EC,0x03D3,0x0454,0x63F0,0x0061,0x0124,0x0000,0x31C6,0x5C11,0x0189,0x01EB,0x116A,0x222E,0x0126,0x10A6,0x3849,
    0x600C,0x802F,0x600A,0x3805,0xA810,0x1803,0x2109,0x210A,0x1043,0x0000,0x0000,0x0000,0x20A6,0x510D,0x708E,0x784E,
    0xA872,0xA831,0x780C,0x680C,0x508B,0x18C7,0x08E6,0x0927,0x0928,0x08E6,0x10C6,0x214B,0x38EB,0x492D,0x7152,0x886F,
    0xB873,0xC093,0x902E,0x5809,0x1003,0x0165,0x0451,0x071C,0x079E,0x05B8,0x026B,0x00C3,0x0166,0x0249,0x01E8,0x1124,
    0xA52E,0xEFF5,0xCFB5,0xBFB6,0xE7F8,0xF776,0x0001,0x0001,0x0001,0x0001,0x0001,0x0001,0x0001,0x0001,0x0001,0x0001,
    0x0001,0x0001,0x0001,0x0001,0x0001,0x0001,0x0001,0x0001,0x0001,0x0001,0x0001,0x0001,0x0001,0x0001,0x0001,0x0001,
    0x0001,0x0001,0x0001,0x0001,0x0001,0x0001,0x0001,0x0001,0x0001,0x0001,0x0001,0x0001,0x0001,0x0001,0x0001,0x969A,
    0xC7FF,0x5B4D,0x0000,0x5ACB,0xBFFD,0xAFFA,0xCF7A,0x2966,0x0082,0x0618,0x06DB,0x01C7,0x0062,0x0000,0x0000,0x1061,
    0x18C3,0x0000,0x73AF,0x2166,0x0000,0x0884,0x2827,0x2066,0x0106,0x0127,0x290B,0x604D,0x10A6,0x10C5,0x0062,0x0021,
    0x0844,0x2066,0x580A,0x700C,0x4007,0x1003,0x0042,0x0189,0x13B2,0x6431,0x0000,0x0000,0x736E,0xB4B8,0x1908,0x01AA,
    0x11ED,0x2889,0x78AF,0x886F,0x800D,0x8050,0x4007,0x2024,0x00A5,0x0083,0x596F,0x320D,0x0021,0x0105,0x00C4,0x00C5,
    0x0106,0x0188,0x026C,0x020A,0x00E6,0x0041,0x388A,0x50CD,0x00A3,0x0000,0x0042,0x08A4,0x18A6,0x08C5,0x0884,0x0084,
    0x1107,0x09AA,0x01E8,0x022A,0x01A8,0x0063,0x1045,0x2003,0x592D,0xAADB,0xA4BD,0x277F,0x077E,0x0471,0x0125,0x0000,
    0x0000,0x0082,0x00C3,0x0000,0x3207,0xA6F6,0xB7F5,0x9F96,0xA798,0xB7F9,0xD7B6,0x0001,0x0001,0x0001,0x0001,0x0001,
    0x0001,0x0001,0x0001,0x0001,0x0001,0x0001,0x0001,0x0001,0x0001,0x0001,0x0001,0x0001,0x0001,0x0001,0x0001,0x0001,
    0x0001,0x0001,0x0001,0x0001,0x0001,0x0001,0x0001,0x0001,0x0001,0x0001,0x0001,0x0001,0x0001,0x0001,0x0001,0x0001,
    0x0001,0x0001,0x0001,0x0001,0x0001,0x0001,0xA7FF,0xB79D,0x8C71,0xCF59,0xD7D7,0xEFF9,0x630B,0x0000,0x0DD7,0x1596,
    0x0061,0x0000,0x0000,0x4207,0x5B0B,0x9576,0x636E,0x0040,0xB2D5,0x600B,0x1885,0x0062,0x0062,0x0042,0x0000,0x0000,
    0x2025,0x508B,0x0126,0x0147,0x00A3,0x0022,0x0000,0x0000,0x00E4,0x11AA,0x39EE,0x2AF1,0x04B5,0x0310,0x33B1,0x5ACB,
    0x0000,0x6B2C,0x6ACF,0x2869,0x608E,0x508C,0x584B,0x880F,0xA00F,0x784D,0x4068,0x1085,0x09ED,0x0A0E,0x08C7,0x08A5,
    0x0105,0x04D4,0x01C8,0x0021,0x0126,0x01A8,0x026C,0x02ED,0x02AD,0x01EA,0x01CA,0x028C,0x292B,0x4069,0x0106,0x11EB,
    0x0A4E,0x0147,0x0041,0x0021,0x0000,0x0000,0x00C4,0x00E4,0x0042,0x0000,0x0106,0x02ED,0x0432,0x0618,0x07BD,0x07DD,
    0x1D56,0x224C,0x0186,0x0082,0x0020,0x0000,0x0020,0x0000,0x0000,0x3B2C,0x4F7C,0x4FFD,0x675C,0x86FD,0xA75D,0xA73A,
    0x0001,0x0001,0x0001,0x0001,0x0001,0x0001,0x0001,0x0001,0x0001,0x0001,0x0001,0x0001,0x0001,0x0001,0x0001,0x0001,
    0x0001,0x0001,0x0001,0x0001,0x0001,0x0001,0x0001,0x0001,0x0001,0x0001,0x0001,0x0001,0x0001,0x0001,0x0001,0x0001,
    0x0001,0x0001,0x0001,0x0001,0x0001,0x0001,0x0001,0x0001,0x0001,0x0001,0x0001,0x0001,0x0001,0xC7BD,0xFFFE,0xE7F6,
    0xF7D6,0xB5B3,0x0000,0x0186,0x0228,0x0000,0x18A3,0x4A49,0x536E,0x7516,0x4431,0x1A6C,0x6BD1,0x3A07,0x6AB0,0x882F,
    0xB873,0x982F,0x5808,0x1001,0x0000,0x0000,0x1803,0x486A,0x00A3,0x0043,0x00A3,0x01E8,0x038F,0x0411,0x030D,0x026A,
    0x01E8,0x0126,0x01A9,0x0189,0x43B0,0x528A,0x5AEC,0x736F,0x0000,0x0000,0x3805,0x702C,0xB812,0xD936,0xC934,0x980F,
    0x608C,0x39AF,0x13F8,0x047A,0x03F7,0x02B0,0x0148,0x0147,0x04B5,0x0390,0x0104,0x01C9,0x01A9,0x0167,0x022B,0x026D,
    0x01C9,0x026B,0x21CD,0x39AF,0x022B,0x0948,0x08A4,0x0168,0x01A8,0x0126,0x0000,0x0000,0x0126,0x00C3,0x0209,0x04B3,
    0x06BB,0x07FF,0x07DF,0x05F8,0x134E,0x08E4,0x0000,0x0000,0x0000,0x00C3,0x00E3,0x0082,0x0000,0x10A3,0x5514,0x2FDF,
    0x175F,0x3E9E,0x663F,0x865F,0x7E9E,0x0001,0x0001,0x0001,0x0001,0x0001,0x0001,0x0001,0x0001,0x0001,0x0001,0x0001,
    0x0001,0x0001,0x0001,0x0001,0x0001,0x0001,0x0001,0x0001,0x0001,0x0001,0x0001,0x0001,0x0001,0x0001,0x0001,0x0001,
    0x0001,0x0001,0x0001,0x0001,0x0001,0x0001,0x0001,0x0001,0x0001,0x0001,0x0001,0x0001,0x0001,0x0001,0x0001,0x0001,
    0x0001,0x0001,0x0001,0x0001,0x0001,0xE714,0xFFFA,0x738D,0x0000,0x0000,0x0000,0x5ACA,0xD6D8,0xBEFB,0x326C,0x0000,
    0x0021,0x0000,0x5B0C,0x8E18,0x01A7,0x0000,0x0821,0x4807,0x982F,0xB852,0xA070,0x5007,0x1886,0x216B,0x0000,0x01E8,
    0x0472,0x034D,0x01A7,0x022A,0x026C,0x0127,0x0064,0x0043,0x0063,0x0083,0x0A0A,0x9D97,0x6B4F,0x00A6,0x1909,0x3087,
    0x5849,0xC033,0xFC9C,0xFFDF,0xFFFF,0xFD1D,0xB011,0x5008,0x3046,0x198B,0x0AB1,0x01EB,0x00E5,0x0042,0x0000,0x02CD,
    0x0598,0x0167,0x00A4,0x01C9,0x01A9,0x01C9,0x0126,0x02CC,0x21ED,0x312D,0x02AC,0x022B,0x024B,0x01C9,0x0000,0x0000,
    0x00E5,0x02EC,0x0514,0x079F,0x07FF,0x07DF,0x0639,0x02EB,0x0061,0x0000,0x0000,0x0000,0x0842,0x1022,0x0000,0x0000,
    0x0000,0x0000,0x4248,0xA699,0x86FF,0x755E,0x74BE,0x6CBE,0x6D1F,0x0001,0x0001,0x0001,0x0001,0x0001,0x0001,0x0001,
    0x0001,0x0001,0x0001,0x0001,0x0001,0x0001,0x0001,0x0001,0x0001,0x0001,0x0001,0x0001,0x0001,0x0001,0x0001,0x0001,
    0x0001,0x0001,0x0001,0x0001,0x0001,0x0001,0x0001,0x0001,0x0001,0x0001,0x0001,0x0001,0x0001,0x0001,0x0001,0x0001,
    0x0001,0x0001,0x0001,0x0001,0x0001,0x0001,0x0001,0x0001,0x0001,0x0001,0x0001,0x0001,0xBDF4,0xCE76,0x2966,0x4A48,
    0xC634,0xF7FA,0xC7FA,0xA7DB,0x7638,0x2A08,0x0000,0x0042,0x0A6B,0x2596,0x0104,0x0041,0x0021,0x0000,0x0000,0x0801,
    0x5007,0x980E,0xD075,0xB092,0x39CA,0x069B,0x0229,0x0043,0x024B,0x01C8,0x0147,0x0167,0x01EA,0x00E5,0x0168,0x01AA,
    0x022B,0x1BF2,0x0929,0x1129,0x20C7,0x30C9,0x702D,0xEA78,0xFFFF,0xF299,0xFA58,0xFFFF,0xF31A,0x880D,0x3889,0x2024,
    0x0801,0x0042,0x00A4,0x00A3,0x0021,0x026C,0x05B7,0x0000,0x0000,0x0062,0x0126,0x0147,0x0209,0x0146,0x18C9,0x218D,
    0x022B,0x022C,0x00E5,0x00A3,0x030D,0x0514,0x073D,0x07FF,0x07FF,0x0596,0x02EB,0x00C3,0x0041,0x0104,0x01E8,0x00C3,
    0x0801,0x1801,0x702B,0xF878,0xB871,0x2003,0x0882,0x948D,0xEFD4,0xD6F4,0xBDBA,0xB4DD,0xAC1F,0xA3FF,0x0001,0x0001,
    0x0001,0x0001,0x0001,0x0001,0x0001,0x0001,0x0001,0x0001,0x0001,0x0001,0x0001,0x0001,0x0001,0x0001,0x0001,0x0001,
    0x0001,0x0001,0x0001,0x0001,0x0001,0x0001,0x0001,0x0001,0x0001,0x0001,0x0001,0x0001,0x0001,0x0001,0x0001,0x0001,
    0x0001,0x0001,0x0001,0x0001,0x0001,0x0001,0x0001,0x0001,0x0001,0x0001,0x0001,0x0001,0x0001,0x0001,0x0001,0x0001,
    0x0001,0x0001,0x0001,0xA532,0xF799,0xFFFA,0xE7F8,0xAFBA,0x97BB,0x77BC,0x57FF,0x2FDF,0x24B3,0x10A2,0x0082,0x02CC,
    0x0041,0x00C3,0x0000,0x0000,0x0000,0x0000,0x1841,0x5126,0xA8ED,0x796E,0x1B4F,0x0187,0x0411,0x038F,0x00E4,0x0062,
    0x00A4,0x0147,0x020A,0x02CE,0x01EA,0x01CB,0x022C,0x03B1,0x018A,0x0949,0x212B,0x40CC,0x900F,0xF39A,0xFF3F,0xF816,
    0xF015,0xFEDE,0xFCBC,0x880D,0x3827,0x3067,0x1044,0x0042,0x00E5,0x0126,0x0126,0x03F3,0x0597,0x0000,0x0000,0x0000,
    0x0000,0x0021,0x0106,0x0146,0x0969,0x116A,0x0187,0x0083,0x022A,0x0618,0x07DF,0x07FF,0x07BF,0x03CF,0x034E,0x04B3,
    0x0041,0x0000,0x0041,0x0082,0x00E4,0x0269,0x02CB,0x0145,0x2824,0x800B,0xB031,0x82AE,0xD6D1,0xFFF0,0xFF50,0xF692,
    0xEE15,0xF53C,0xD43E,0x0001,0x0001,0x0001,0x0001,0x0001,0x0001,0x0001,0x0001,0x0001,0x0001,0x0001,0x0001,0x0001,
    0x0001,0x0001,0x0001,0x0001,0x0001,0x0001,0x0001,0x0001,0x0001,0x0001,0x0001,0x0001,0x0001,0x0001,0x0001,0x0001,
    0x0001,0x0001,0x0001,0x0001,0x0001,0x0001,0x0001,0x0001,0x0001,0x0001,0x0001,0x0001,0x0001,0x0001,0x0001,0x0001,
    0x0001,0x0001,0x0001,0x0001,0x0001,0x0001,0x0001,0x0001,0x0001,0x0001,0x8C6F,0xCED7,0xBFFB,0x9FBB,0x77BD,0x4FBE,
    0x279E,0x0FBF,0x27FF,0x5E7B,0x432E,0x0A28,0x0000,0x0000,0x0883,0x0185,0x224A,0x422C,0x424D,0x3105,0x0041,0x0000,
    0x00E4,0x0148,0x0000,0x02AA,0x03CF,0x0166,0x0000,0x00C5,0x0189,0x01AA,0x0189,0x022C,0x02EF,0x03B3,0x0148,0x1128,
    0x296D,0x414E,0x884F,0xF198,0xFFDF,0xFD7D,0xFD5D,0xFFFF,0xE1F7,0x680A,0x38E9,0x28E9,0x28EA,0x11EC,0x026D,0x0148,
    0x00C5,0x0390,0x05B8,0x00C5,0x0042,0x0000,0x0000,0x0000,0x0000,0x0000,0x00E5,0x020A,0x00E5,0x0085,0x0619,0x07FF,
    0x079E,0x069A,0x07BF,0x04D3,0x0021,0x026B,0x0639,0x0208,0x0000,0x0105,0x0105,0x0061,0x00E3,0x01C7,0x01A7,0x2A06,
    0xAD90,0xFFF3,0xFFF0,0xF7AE,0xFF8E,0xFEF1,0xFE96,0xFD58,0x0001,0x0001,0x0001,0x0001,0x0001,0x0001,0x0001,0x0001,
    0x0001,0x0001,0x0001,0x0001,0x0001,0x0001,0x0001,0x0001,0x0001,0x0001,0x0001,0x0001,0x0001,0x0001,0x0001,0x0001,
    0x0001,0x0001,0x0001,0x0001,0x0001,0x0001,0x0001,0x0001,0x0001,0x0001,0x0001,0x0001,0x0001,0x0001,0x0001,0x0001,
    0x0001,0x0001,0x0001,0x0001,0x0001,0x0001,0x0001,0x0001,0x0001,0x0001,0x0001,0x0001,0x0001,0x0001,0x0001,0x0001,
    0x0001,0x9492,0x9DD6,0x8F9D,0x5FFF,0x37BE,0x17BE,0x17BE,0x3F3E,0x5E3F,0x7D5F,0x7B77,0x39EA,0x0249,0x11E7,0x0A07,
    0x0904,0x0166,0x0186,0x0000,0x0000,0x0000,0x0000,0x0106,0x08E7,0x0000,0x00E4,0x038F,0x032D,0x00C4,0x0021,0x0147,
    0x01CB,0x01CB,0x020B,0x030F,0x118C,0x28CA,0x2067,0x410D,0x80F2,0xC814,0xFDFE,0xFFFF,0xFFFF,0xFDFE,0xC0B6,0x614F,
    0x418D,0x29ED,0x19AB,0x19AC,0x09EB,0x0189,0x028D,0x0390,0x05F9,0x0083,0x0105,0x00E4,0x0021,0x0000,0x0020,0x00C4,
    0x01E9,0x0000,0x0000,0x0000,0x02EC,0x07BF,0x07FF,0x04F4,0x02AB,0x07FF,0x06FC,0x0187,0x0125,0x065B,0x036E,0x0000,
    0x0062,0x0020,0x0000,0x28E3,0x94D0,0xF757,0xFFD4,0xFF52,0xFF72,0xFFB1,0xFFCF,0xFFF3,0xFEF7,0x0001,0x0001,0x0001,
    0x0001,0x0001,0x0001,0x0001,0x0001,0x0001,0x0001,0x0001,0x0001,0x0001,0x0001,0x0001,0x0001,0x0001,0x0001,0x0001,
    0x0001,0x0001,0x0001,0x0001,0x0001,0x0001,0x0001,0x0001,0x0001,0x0001,0x0001,0x0001,0x0001,0x0001,0x0001,0x0001,
    0x0001,0x0001,0x0001,0x0001,0x0001,0x0001,0x0001,0x0001,0x0001,0x0001,0x0001,0x0001,0x0001,0x0001,0x0001,0x0001,
    0x0001,0x0001,0x0001,0x0001,0x0001,0x0001,0x0001,0x0001,0x0001,0x8CF3,0x4EBA,0x0FFF,0x0FDF,0x377E,0x469E,0x653E,
    0x7C1E,0x8BBF,0xB41F,0xA376,0x3146,0x0000,0x0000,0x0145,0x01A7,0x0000,0x0000,0x0000,0x0000,0x0000,0x2107,0x0905,
    0x0000,0x0000,0x01E8,0x0411,0x028B,0x0084,0x00A4,0x00C5,0x00E5,0x09EC,0x30AA,0x50AE,0x508D,0x3827,0x4808,0xA010,
    0xFA9A,0xFFDF,0xFFFF,0xF2D9,0x886D,0x6294,0x3A72,0x1A4D,0x11CB,0x210A,0x20A8,0x0063,0x01A8,0x0370,0x05FA,0x0042,
    0x0062,0x0146,0x0209,0x01A8,0x0126,0x01EA,0x0146,0x0126,0x0041,0x0000,0x00A4,0x04F5,0x07DF,0x07FF,0x034E,0x01A7,
    0x07DF,0x073F,0x030F,0x00C4,0x0597,0x0493,0x0000,0x2904,0x4C92,0x9779,0xCFB7,0xCEF6,0xCF36,0xDF55,0xEF74,0xFFF5,
    0xFFD3,0x0001,0x0001,0x0001,0x0001,0x0001,0x0001,0x0001,0x0001,0x0001,0x0001,0x0001,0x0001,0x0001,0x0001,0x0001,
    0x0001,0x0001,0x0001,0x0001,0x0001,0x0001,0x0001,0x0001,0x0001,0x0001,0x0001,0x0001,0x0001,0x0001,0x0001,0x0001,
    0x0001,0x0001,0x0001,0x0001,0x0001,0x0001,0x0001,0x0001,0x0001,0x0001,0x0001,0x0001,0x0001,0x0001,0x0001,0x0001,
    0x0001,0x0001,0x0001,0x0001,0x0001,0x0001,0x0001,0x0001,0x0001,0x0001,0x0001,0x0001,0x0001,0x0001,0x0001,0x0001,
    0xAD14,0x6596,0x2F3D,0x56FF,0x657E,0x743E,0x937E,0xA39E,0xCB7E,0xFB9F,0xFCFE,0xA452,0x39A5,0x00C4,0x00A3,0x0000,
    0x0020,0x0000,0x0000,0x0000,0x0000,0x0189,0x00A4,0x0000,0x0000,0x08E6,0x0BB1,0x03F1,0x00E4,0x0000,0x2866,0x2827,
    0x4049,0x2824,0x0801,0x502A,0x9831,0xC835,0xE856,0xFEDE,0xFEDE,0xE076,0x886F,0x3848,0x198A,0x31F0,0x488C,0x1844,
    0x1865,0x0063,0x01E9,0x032F,0x05DA,0x00C4,0x022B,0x022B,0x0105,0x00A3,0x0188,0x0062,0x0000,0x00C4,0x020A,0x03D1,
    0x0495,0x03F4,0x0598,0x07FF,0x07FF,0x026A,0x0146,0x06DD,0x07FF,0x0431,0x0000,0x34B3,0x5D56,0x4F7D,0x2FFF,0x37BE,
    0x677D,0x779B,0x8F97,0xAF95,0xCFF7,0xDFB6,0x0001,0x0001,0x0001,0x0001,0x0001,0x0001,0x0001,0x0001,0x0001,0x0001,
    0x0001,0x0001,0x0001,0x0001,0x0001,0x0001,0x0001,0x0001,0x0001,0x0001,0x0001,0x0001,0x0001,0x0001,0x0001,0x0001,
    0x0001,0x0001,0x0001,0x0001,0x0001,0x0001,0x0001,0x0001,0x0001,0x0001,0x0001,0x0001,0x0001,0x0001,0x0001,0x0001,
    0x0001,0x0001,0x0001,0x0001,0x0001,0x0001,0x0001,0x0001,0x0001,0x0001,0x0001,0x0001,0x0001,0x0001,0x0001,0x0001,
    0x0001,0x0001,0x0001,0x0001,0x0001,0x0001,0x0001,0x0001,0x8D14,0x7579,0x849F,0x943F,0xABBE,0xCBDE,0xEBBE,0xF45E,
    0xFD5B,0xFE59,0xFF18,0xBDF2,0x52A8,0x0841,0x0000,0x0000,0x0000,0x0000,0x0000,0x0000,0x11AA,0x1908,0x18E7,0x0842,
    0x0000,0x0186,0x2AB1,0x80B1,0x2045,0x0000,0x0000,0x4026,0x9850,0xC074,0xA832,0x682A,0x800A,0xF3BA,0xFBFA,0x780A,
    0x9070,0x788F,0x4004,0x2802,0x2889,0x2889,0x0822,0x00C3,0x030D,0x0371,0x05DB,0x00A3,0x0021,0x0021,0x00C4,0x00C5,
    0x01A8,0x0021,0x0000,0x0000,0x0021,0x0370,0x04F6,0x0495,0x03F3,0x0619,0x07DF,0x07FF,0x01E8,0x00E4,0x1639,0x35D7,
    0x7CF7,0xACBC,0x8DFF,0x5F3F,0x477E,0x2F9E,0x2FBE,0x2F9E,0x57FD,0x7FDA,0x0001,0x0001,0x0001,0x0001,0x0001,0x0001,
    0x0001,0x0001,0x0001,0x0001,0x0001,0x0001,0x0001,0x0001,0x0001,0x0001,0x0001,0x0001,0x0001,0x0001,0x0001,0x0001,
    0x0001,0x0001,0x0001,0x0001,0x0001,0x0001,0x0001,0x0001,0x0001,0x0001,0x0001,0x0001,0x0001,0x0001,0x0001,0x0001,
    0x0001,0x0001,0x0001,0x0001,0x0001,0x0001,0x0001,0x0001,0x0001,0x0001,0x0001,0x0001,0x0001,0x0001,0x0001,0x0001,
    0x0001,0x0001,0x0001,0x0001,0x0001,0x0001,0x0001,0x0001,0x0001,0x0001,0x0001,0x0001,0x0001,0x0001,0x0001,0xBDB6,
    0x94B6,0x9C3B,0xDC3F,0xF43F,0xF47E,0xFD7A,0xFE18,0xF678,0xFF37,0xFFD7,0xFF76,0xDE54,0x83CC,0x3165,0x0000,0x0000,
    0x0021,0x0106,0x0146,0x0883,0x0000,0x0000,0x0000,0x0000,0x3004,0xD035,0xB030,0x684A,0x904E,0xB833,0x782D,0x2803,
    0x1001,0x2003,0x3005,0xA870,0xA890,0x3004,0x1000,0x2805,0x614F,0x3109,0x0882,0x2989,0x22F0,0x02AD,0x0187,0x03B2,
    0x059A,0x0000,0x0000,0x0000,0x0000,0x00C4,0x0083,0x0000,0x0000,0x0000,0x0000,0x0041,0x0413,0x0495,0x0476,0x0371,
    0x05D8,0x06FC,0x2D34,0x840D,0xA677,0x7F9D,0x875F,0x9D5F,0xAC7E,0x9D1E,0x7E7E,0x4F9E,0x1FDF,0x17FF,0x27DF,0x0001,
    0x0001,0x0001,0x0001,0x0001,0x0001,0x0001,0x0001,0x0001,0x0001,0x0001,0x0001,0x0001,0x0001,0x0001,0x0001,0x0001,
    0x0001,0x0001,0x0001,0x0001,0x0001,0x0001,0x0001,0x0001,0x0001,0x0001,0x0001,0x0001,0x0001,0x0001,0x0001,0x0001,
    0x0001,0x0001,0x0001,0x0001,0x0001,0x0001,0x0001,0x0001,0x0001,0x0001,0x0001,0x0001,0x0001,0x0001,0x0001,0x0001,
    0x0001,0x0001,0x0001,0x0001,0x0001,0x0001,0x0001,0x0001,0x0001,0x0001,0x0001,0x0001,0x0001,0x0001,0x0001,0x0001,
    0x0001,0x0001,0x0001,0x0001,0x0001,0x0001,0x0001,0xAD54,0xBC97,0xE49C,0xFDBB,0xFE37,0xF638,0xF6F8,0xFF55,0xF716,
    0xF6F5,0xFF35,0xFF35,0xFE75,0xC514,0x72EC,0x29E9,0x0042,0x0000,0x0000,0x0000,0x0000,0x1022,0x904D,0xC810,0x4005,
    0x1B50,0xA2DA,0x72D6,0x0883,0x0000,0x0000,0x1001,0x1802,0x1000,0x4806,0x4806,0x0800,0x2085,0x1106,0x318A,0x5272,
    0x316A,0x10E5,0x0041,0x0000,0x0000,0x03B3,0x057B,0x0020,0x0000,0x0000,0x0000,0x0041,0x0020,0x0000,0x0000,0x0000,
    0x0000,0x0000,0x0083,0x03B1,0x0390,0x332E,0x7C50,0xC635,0xF734,0xFFF8,0xCFFA,0x9FB9,0x8F5C,0x961E,0xACBE,0xB45E,
    0x9DDF,0x6FBF,0x2FDF,0x0001,0x0001,0x0001,0x0001,0x0001,0x0001,0x0001,0x0001,0x0001,0x0001,0x0001,0x0001,0x0001,
    0x0001,0x0001,0x0001,0x0001,0x0001,0x0001,0x0001,0x0001,0x0001,0x0001,0x0001,0x0001,0x0001,0x0001,0x0001,0x0001,
    0x0001,0x0001,0x0001,0x0001,0x0001,0x0001,0x0001,0x0001,0x0001,0x0001,0x0001,0x0001,0x0001,0x0001,0x0001,0x0001,
    0x0001,0x0001,0x0001,0x0001,0x0001,0x0001,0x0001,0x0001,0x0001,0x0001,0x0001,0x0001,0x0001,0x0001,0x0001,0x0001,
    0x0001,0x0001,0x0001,0x0001,0x0001,0x0001,0x0001,0x0001,0x0001,0x0001,0x0001,0x0001,0x0001,0x0001,0xCED9,0xA514,
    0xBD56,0xE617,0xFF1A,0xFF77,0xFF74,0xFEF4,0xFF13,0xFEF3,0xF694,0xF616,0xFDF8,0xFDDA,0xF5B4,0xC570,0x840A,0x3A06,
    0x1082,0x4806,0xC011,0x780A,0x09C9,0x04D4,0x03B0,0x0081,0x01A6,0x22F1,0x18C6,0x0000,0x0000,0x0800,0x00A2,0x40EB,
    0x51CF,0x124B,0x31CB,0x1947,0x0862,0x0000,0x0000,0x0000,0x0000,0x0000,0x0000,0x0456,0x055B,0x0020,0x0000,0x0020,
    0x0000,0x0000,0x0000,0x0000,0x0000,0x0000,0x0000,0x18E3,0x4A07,0x8BB2,0xCBD9,0xFCFD,0xFE5C,0xFE79,0xFF39,0xF777,
    0xEFB6,0xCFB6,0x9F9A,0xA6BE,0xAD7E,0xCCDF,0xB51F,0x7EBF,0x0001,0x0001,0x0001,0x0001,0x0001,0x0001,0x0001,0x0001,
    0x0001,0x0001,0x0001,0x0001,0x0001,0x0001,0x0001,0x0001,0x0001,0x0001,0x0001,0x0001,0x0001,0x0001,0x0001,0x0001,
    0x0001,0x0001,0x0001,0x0001,0x0001,0x0001,0x0001,0x0001,0x0001,0x0001,0x0001,0x0001,0x0001,0x0001,0x0001,0x0001,
    0x0001,0x0001,0x0001,0x0001,0x0001,0x0001,0x0001,0x0001,0x0001,0x0001,0x0001,0x0001,0x0001,0x0001,0x0001,0x0001,
    0x0001,0x0001,0x0001,0x0001,0x0001,0x0001,0x0001,0x0001,0x0001,0x0001,0x0001,0x0001,0x0001,0x0001,0x0001,0x0001,
    0x0001,0x0001,0x0001,0x0001,0x0001,0x0001,0xCE79,0xA534,0xBDD4,0xDE93,0xFF75,0xFF55,0xFF32,0xF713,0xF674,0xF5F7,
    0xF5B6,0xF614,0xFEB3,0xFFB2,0xEFF1,0xB7D5,0x8717,0x8599,0x5390,0x0AEB,0x14F6,0x11A6,0x0000,0x0000,0x0000,0x0021,
    0x1311,0x026B,0x01C8,0x0350,0x026B,0x414C,0x48C9,0x0061,0x0000,0x0000,0x0000,0x0000,0x0000,0x0000,0x0000,0x0000,
    0x0000,0x049A,0x051C,0x0000,0x0000,0x0000,0x0000,0x0000,0x1041,0x2944,0x4AA8,0x7C4D,0xC5F0,0xEE92,0xFDF7,0xFCFC,
    0xFC3F,0xFC1F,0xF4DE,0xF5BB,0xF679,0xFF57,0xF7B5,0xDFB6,0xBFF6,0xB7FC,0xB65E,0xCD3E,0x0001,0x0001,0x0001,0x0001,
    0x0001,0x0001,0x0001,0x0001,0x0001,0x0001,0x0001,0x0001,0x0001,0x0001,0x0001,0x0001,0x0001,0x0001,0x0001,0x0001,
    0x0001,0x0001,0x0001,0x0001,0x0001,0x0001,0x0001,0x0001,0x0001,0x0001,0x0001,0x0001,0x0001,0x0001,0x0001,0x0001,
    0x0001,0x0001,0x0001,0x0001,0x0001,0x0001,0x0001,0x0001,0x0001,0x0001,0x0001,0x0001,0x0001,0x0001,0x0001,0x0001,
    0x0001,0x0001,0x0001,0x0001,0x0001,0x0001,0x0001,0x0001,0x0001,0x0001,0x0001,0x0001,0x0001,0x0001,0x0001,0x0001,
    0x0001,0x0001,0x0001,0x0001,0x0001,0x0001,0x0001,0x0001,0x0001,0x0001,0x0001,0x0001,0x0001,0x0001,0xD69A,0xAD75,
    0xBDD4,0xCE31,0xEF31,0xFF93,0xFEF3,0xFE55,0xF635,0xF694,0xEF73,0xD7B4,0xA795,0x7796,0x4FD9,0x1FFC,0x07FF,0x17BF,
    0x259B,0x3B17,0x4A73,0x59AE,0x516A,0x3146,0x2208,0x12ED,0x0925,0x026B,0x01A6,0x2802,0x2804,0x0000,0x0000,0x0000,
    0x0000,0x0000,0x0000,0x0000,0x0000,0x0000,0x0060,0x0CB5,0x1C94,0x2965,0x4A07,0x62E9,0x83EC,0x952F,0x96B3,0xA795,
    0xAFF6,0xCFF6,0xE7F4,0xEF33,0xEE14,0xF557,0xF49B,0xF3FD,0xF43E,0xF55D,0xFE19,0xFEF7,0xFFF7,0xFFF6,0xCF55,0xB719,
    0x0001,0x0001,0x0001,0x0001,0x0001,0x0001,0x0001,0x0001,0x0001,0x0001,0x0001,0x0001,0x0001,0x0001,0x0001,0x0001,
    0x0001,0x0001,0x0001,0x0001,0x0001,0x0001,0x0001,0x0001,0x0001,0x0001,0x0001,0x0001,0x0001,0x0001,0x0001,0x0001,
    0x0001,0x0001,0x0001,0x0001,0x0001,0x0001,0x0001,0x0001,0x0001,0x0001,0x0001,0x0001,0x0001,0x0001,0x0001,0x0001,
    0x0001,0x0001,0x0001,0x0001,0x0001,0x0001,0x0001,0x0001,0x0001,0x0001,0x0001,0x0001,0x0001,0x0001,0x0001,0x0001,
    0x0001,0x0001,0x0001,0x0001,0x0001,0x0001,0x0001,0x0001,0x0001,0x0001,0x0001,0x0001,0x0001,0x0001,0x0001,0x0001,
    0x0001,0x0001,0x0001,0x0001,0x0001,0x0001,0xE71D,0xBDD7,0xB594,0xBDD1,0xD612,0xF696,0xFEF6,0xFF94,0xE7D5,0xBF94,
    0x8795,0x4F98,0x179C,0x0F9E,0x077E,0x069E,0x049F,0x02FF,0x5A7F,0xAA9F,0xCAFF,0xAB9F,0x6C7D,0x3579,0x3618,0x55B5,
    0x6DD3,0x950F,0x946C,0x8409,0x7BAA,0x7B2B,0x6AEC,0x5AAE,0x424F,0x3251,0x3253,0x4295,0x8AD7,0xBB98,0xCCB6,0xCE15,
    0xD6D7,0xD737,0xCF16,0xC715,0xA773,0x7FB5,0x7F98,0xA794,0xC793,0xDF73,0xEEB4,0xF5D7,0xF4F9,0xF4BC,0xFC3F,0xFC7F,
    0xFDBF,0xEE39,0xC5F3,0xAD51,0x0001,0x0001,0x0001,0x0001,0x0001,0x0001,0x0001,0x0001,0x0001,0x0001,0x0001,0x0001,
    0x0001,0x0001,0x0001,0x0001,0x0001,0x0001,0x0001,0x0001,0x0001,0x0001,0x0001,0x0001,0x0001,0x0001,0x0001,0x0001,
    0x0001,0x0001,0x0001,0x0001,0x0001,0x0001,0x0001,0x0001,0x0001,0x0001,0x0001,0x0001,0x0001,0x0001,0x0001,0x0001,
    0x0001,0x0001,0x0001,0x0001,0x0001,0x0001,0x0001,0x0001,0x0001,0x0001,0x0001,0x0001,0x0001,0x0001,0x0001,0x0001,
    0x0001,0x0001,0x0001,0x0001,0x0001,0x0001,0x0001,0x0001,0x0001,0x0001,0x0001,0x0001,0x0001,0x0001,0x0001,0x0001,
    0x0001,0x0001,0x0001,0x0001,0x0001,0x0001,0x0001,0x0001,0x0001,0x0001,0x0001,0x0001,0x0001,0x0001,0x0001,0xD69B,
    0xB596,0xB594,0xBDB2,0xBE72,0xB757,0x9FD8,0x67FA,0x1FDE,0x0FBF,0x07BE,0x06FE,0x0CFE,0x1B7E,0x4A7E,0x923E,0xB29E,
    0x9B3E,0x6B7E,0x2CFF,0x073F,0x0FFF,0x4FFB,0x97F5,0xCFF2,0xFFF0,0xFFD0,0xFED3,0xFD55,0xDCD9,0xA3FE,0x5B1F,0x033F,
    0x029F,0x4A3F,0x925F,0xBB7D,0xBCD9,0xBDF5,0xB675,0xAEB6,0xA6B6,0xA6B7,0x96F5,0x8F55,0x7F75,0x8F94,0xB792,0xCFB2,
    0xE773,0xFED5,0xFDF7,0xFD5A,0xDC7B,0xB3B6,0x9C13,0x0001,0x0001,0x0001,0x0001,0x0001,0x0001,0x0001,0x0001,0x0001,
    0x0001,0x0001,0x0001,0x0001,0x0001,0x0001,0x0001,0x0001,0x0001,0x0001,0x0001,0x0001,0x0001,0x0001,0x0001,0x0001,
    0x0001,0x0001,0x0001,0x0001,0x0001,0x0001,0x0001,0x0001,0x0001,0x0001,0x0001,0x0001,0x0001,0x0001,0x0001,0x0001,
    0x0001,0x0001,0x0001,0x0001,0x0001,0x0001,0x0001,0x0001,0x0001,0x0001,0x0001,0x0001,0x0001,0x0001,0x0001,0x0001,
    0x0001,0x0001,0x0001,0x0001,0x0001,0x0001,0x0001,0x0001,0x0001,0x0001,0x0001,0x0001,0x0001,0x0001,0x0001,0x0001,
    0x0001,0x0001,0x0001,0x0001,0x0001,0x0001,0x0001,0x0001,0x0001,0x0001,0x0001,0x0001,0x0001,0x0001,0x0001,0x0001,
    0x0001,0x0001,0x0001,0x0001,0x0001,0x0001,0x0001,0xF7DF,0xD6DB,0xC618,0xB5F7,0x8DB5,0x45F7,0x06DB,0x079E,0x079F,
    0x0DFF,0x2C7F,0x4BBF,0x7B1E,0xA33E,0xA35E,0x739E,0x447E,0x0E5E,0x07BF,0x1FBB,0x5797,0x9772,0xCF8E,0xF76C,0xF692,
    0xE5F5,0xC575,0xB439,0x937D,0x531D,0x03BE,0x0A7E,0x625E,0x9ABE,0xBB9D,0xC4D8,0xBDB5,0xB674,0xB6B4,0xA6D7,0x7F39,
    0x577A,0x5F7A,0x8FB5,0x97D4,0x9FD3,0xB771,0xCF11,0xCE51,0xB553,0x9CB2,0x8450,0x0001,0x0001,0x0001,0x0001,0x0001,
    0x0001,0x0001,0x0001,0x0001,0x0001,0x0001,0x0001,0x0001,0x0001,0x0001,0x0001,0x0001,0x0001,0x0001,0x0001,0x0001,
    0x0001,0x0001,0x0001,0x0001,0x0001,0x0001,0x0001,0x0001,0x0001,0x0001,0x0001,0x0001,0x0001,0x0001,0x0001,0x0001,
    0x0001,0x0001,0x0001,0x0001,0x0001,0x0001,0x0001,0x0001,0x0001,0x0001,0x0001,0x0001,0x0001,0x0001,0x0001,0x0001,
    0x0001,0x0001,0x0001,0x0001,0x0001,0x0001,0x0001,0x0001,0x0001,0x0001,0x0001,0x0001,0x0001,0x0001,0x0001,0x0001,
    0x0001,0x0001,0x0001,0x0001,0x0001,0x0001,0x0001,0x0001,0x0001,0x0001,0x0001,0x0001,0x0001,0x0001,0x0001,0x0001,
    0x0001,0x0001,0x0001,0x0001,0x0001,0x0001,0x0001,0x0001,0x0001,0x0001,0x0001,0x0001,0x0001,0x0001,0x0001,0x0001,
    0xFFFF,0xEF3C,0xD659,0xBE58,0x85F7,0x4536,0x2C78,0x4C3C,0x7B9E,0xA39F,0x9C3F,0x7BFF,0x447F,0x1DDF,0x077F,0x17BC,
    0x4797,0x6F95,0xAF92,0xDFB0,0xFF2E,0xF651,0xDDD5,0xC558,0xAC3C,0x835D,0x5ADE,0x231E,0x2ABE,0x5ADE,0x8AFE,0xAB9E,
    0xBCDB,0xC5B7,0xBE56,0xB6D5,0x9F75,0x67B9,0x279D,0x371A,0x6E94,0x7DF3,0x95D4,0x9D52,0xAD54,0xAD56,0x0001,0x0001,
    0x0001,0x0001,0x0001,0x0001,0x0001,0x0001,0x0001,0x0001,0x0001,0x0001,0x0001,0x0001,0x0001,0x0001,0x0001,0x0001,
    0x0001,0x0001,0x0001,0x0001,0x0001,0x0001,0x0001,0x0001,0x0001,0x0001,0x0001,0x0001,0x0001,0x0001,0x0001,0x0001,
    0x0001,0x0001,0x0001,0x0001,0x0001,0x0001,0x0001,0x0001,0x0001,0x0001,0x0001,0x0001,0x0001,0x0001,0x0001,0x0001,
    0x0001,0x0001,0x0001,0x0001,0x0001,0x0001,0x0001,0x0001,0x0001,0x0001,0x0001,0x0001,0x0001,0x0001,0x0001,0x0001,
    0x0001,0x0001,0x0001,0x0001,0x0001,0x0001,0x0001,0x0001,0x0001,0x0001,0x0001,0x0001,0x0001,0x0001,0x0001,0x0001,
    0x0001,0x0001,0x0001,0x0001,0x0001,0x0001,0x0001,0x0001,0x0001,0x0001,0x0001,0x0001,0x0001,0x0001,0x0001,0x0001,
    0x0001,0x0001,0x0001,0x0001,0x0001,0x0001,0x0001,0x0001,0x0001,0x0001,0xFFBE,0xEEFB,0xCE58,0xC618,0xB517,0xA416,
    0x83D7,0x5BD9,0x151B,0x069C,0x077D,0x379A,0x6FB5,0x97D3,0xD7F1,0xF7F0,0xE794,0xE6D5,0xCE57,0xC4FC,0x9BDF,0x6B1F,
    0x4AFF,0x3ADF,0x5B1F,0x6ADF,0x7A7F,0xA2DE,0xABBA,0xACB6,0xA573,0x8DF3,0x7DD3,0x75D5,0x8DF7,0x9D96,0xB5B6,0xC5F8,
    0x0001,0x0001,0x0001,0x0001,0x0001,0x0001,0x0001,0x0001,0x0001,0x0001,0x0001,0x0001,0x0001,0x0001,0x0001,0x0001,
    0x0001,0x0001,0x0001,0x0001,0x0001,0x0001,0x0001,0x0001,0x0001,0x0001,0x0001,0x0001,0x0001,0x0001,0x0001,0x0001,
    0x0001,0x0001,0x0001,0x0001,0x0001,0x0001,0x0001,0x0001,0x0001,0x0001,0x0001,0x0001,0x0001,0x0001,0x0001,0x0001,
    0x0001,0x0001,0x0001,0x0001,0x0001,0x0001,0x0001,0x0001,0x0001,0x0001,0x0001,0x0001,0x0001,0x0001,0x0001,0x0001,
    0x0001,0x0001,0x0001,0x0001,0x0001,0x0001,0x0001,0x0001,0x0001,0x0001,0x0001,0x0001,0x0001,0x0001,0x0001,0x0001,
    0x0001,0x0001,0x0001,0x0001,0x0001,0x0001,0x0001,0x0001,0x0001,0x0001,0x0001,0x0001,0x0001,0x0001,0x0001,0x0001,
    0x0001,0x0001,0x0001,0x0001,0x0001,0x0001,0x0001,0x0001,0x0001,0x0001,0x0001,0x0001,0x0001,0x0001,0x0001,0x0001,
    0x0001,0x0001,0x0001,0x0001,0xFFFE,0xE75C,0xD6B9,0xC638,0xB617,0xA5F7,0x8DB6,0x8595,0x8D93,0x9DB1,0xADB0,0xADF1,
    0xA5D2,0x9DB2,0x9D53,0x9436,0x7357,0x6357,0x5B57,0x6B57,0x7BB6,0x83D6,0x9436,0xA4B7,0xB517,0xB596,0xB5D7,0xC618,
    0xD67A,0xF6FC,0x0001,0x0001,0x0001,0x0001,0x0001,0x0001,0x0001,0x0001,0x0001,0x0001,0x0001,0x0001,0x0001,0x0001,
    0x0001,0x0001,0x0001,0x0001,0x0001,0x0001,0x0001,0x0001,0x0001,0x0001,0x0001,0x0001,0x0001,0x0001,0x0001,0x0001,
    0x0001,0x0001,0x0001,0x0001,0x0001,0x0001,0x0001,0x0001,0x0001,0x0001,0x0001,0x0001,0x0001,0x0001,0x0001,0x0001,
    0x0001,0x0001,0x0001,0x0001,0x0001,0x0001,0x0001,0x0001,0x0001,0x0001,0x0001,0x0001,0x0001,0x0001,0x0001,0x0001,
    0x0001,0x0001,0x0001,0x0001,0x0001,0x0001,0x0001,0x0001,0x0001,0x0001,0x0001,0x0001,0x0001,0x0001,0x0001,0x0001,
    0x0001,0x0001,0x0001,0x0001,0x0001,0x0001,0x0001,0x0001,0x0001,0x0001,0x0001,0x0001,0x0001,0x0001,0x0001,0x0001,
    0x0001,0x0001,0x0001,0x0001,0x0001,0x0001,0x0001,0x0001,0x0001,0x0001,0x0001,0x0001,0x0001,0x0001,0x0001,0x0001,
    0x0001,0x0001,0x0001,0x0001,0x0001,0x0001,0x0001,0x0001,0x0001,0x0001,0x0001,0x0001,0x0001,0x0001,0x0001,0x0001,
    0xFFDF,0xFF7E,0xEF3D,0xE6FC,0xD69B,0xD69A,0xD67A,0xD67A,0xD69A,0xD699,0xD6B9,0xD6B9,0xDED9,0xDEFA,0xE75B,0xEF9C,
    0xF7BD,0xFFFE,0x0001,0x0001,0x0001,0x0001,0x0001,0x0001,0x0001,0x0001,0x0001,0x0001,0x0001,0x0001,0x0001,0x0001,
    0x0001,0x0001,0x0001,0x0001,0x0001,0x0001,0x0001,0x0001,0x0001,0x0001,0x0001,0x0001,0x0001,0x0001,0x0001,0x0001,
    0x0001,0x0001,0x0001,0x0001,0x0001,0x0001,0x0001,0x0001,0x0001,0x0001,0x0001,0x0001,0x0001,0x0001,0x0001,0x0001,
    0x0001,0x0001,0x0001,0x0001,0x0001,0x0001,0x0001,0x0001,0x0001,0x0001,0x0001,0x0001,0x0001,0x0001,0x0001,0x0001,
    0x0001,0x0001,0x0001,0x0001,
};
